id,city,city_code,begetter_code,counts
3419,北京市,110000,000000,25.0
3420,市辖区,110100,110000,25.0
3421,东城区,110101,110100,0.0
3422,西城区,110102,110100,0.0
3423,崇文区,110103,110100,0.0
3424,宣武区,110104,110100,0.0
3425,朝阳区,110105,110100,0.0
3426,丰台区,110106,110100,1.0
3427,石景山区,110107,110100,0.0
3428,海淀区,110108,110100,0.0
3429,门头沟区,110109,110100,0.0
3430,房山区,110111,110100,0.0
3431,通州区,110112,110100,1.0
3432,顺义区,110113,110100,0.0
3433,昌平区,110114,110100,0.0
3434,大兴区,110115,110100,0.0
3435,平谷区,110116,110100,0.0
3436,怀柔区,110117,110100,0.0
3437,市辖县,110200,110000,0.0
3438,密云县,110228,110200,0.0
3439,延庆县,110229,110200,0.0
3440,天津市,120000,000000,0.0
3441,市辖区,120100,120000,0.0
3442,和平区,120101,120100,0.0
3443,河东区,120102,120100,0.0
3444,河西区,120103,120100,0.0
3445,南开区,120104,120100,0.0
3446,河北区,120105,120100,0.0
3447,红桥区,120106,120100,0.0
3448,塘沽区,120107,120100,0.0
3449,汉沽区,120108,120100,0.0
3450,大港区,120109,120100,0.0
3451,东丽区,120110,120100,0.0
3452,西青区,120111,120100,0.0
3453,津南区,120112,120100,0.0
3454,北辰区,120113,120100,0.0
3455,武清区,120114,120100,0.0
3456,宝坻区,120115,120100,0.0
3457,市辖县,120200,120000,0.0
3458,宁河县,120221,120200,0.0
3459,静海县,120223,120200,0.0
3460,蓟县,120225,120200,0.0
3461,河北省,130000,000000,213.0
3462,石家庄市,130100,130000,5.0
3463,长安区,130102,130100,0.0
3464,桥东区,130103,130100,0.0
3465,桥西区,130104,130100,0.0
3466,新华区,130105,130100,0.0
3467,井陉矿区,130107,130100,0.0
3468,裕华区,130108,130100,0.0
3469,井陉县,130121,130100,0.0
3470,正定县,130123,130100,0.0
3471,栾城县,130124,130100,0.0
3472,行唐县,130125,130100,0.0
3473,灵寿县,130126,130100,0.0
3474,高邑县,130127,130100,0.0
3475,深泽县,130128,130100,0.0
3476,赞皇县,130129,130100,0.0
3477,无极县,130130,130100,0.0
3478,平山县,130131,130100,0.0
3479,元氏县,130132,130100,1.0
3480,赵县,130133,130100,0.0
3481,辛集市,130181,130100,0.0
3482,藁城市,130182,130100,0.0
3483,晋州市,130183,130100,0.0
3484,新乐市,130184,130100,0.0
3485,鹿泉市,130185,130100,0.0
3486,唐山市,130200,130000,31.0
3487,路南区,130202,130200,0.0
3488,路北区,130203,130200,0.0
3489,古冶区,130204,130200,0.0
3490,开平区,130205,130200,0.0
3491,新区,130206,130200,0.0
3492,丰润县,130221,130200,0.0
3493,滦县,130223,130200,0.0
3494,滦南县,130224,130200,1.0
3495,乐亭县,130225,130200,0.0
3496,迁西县,130227,130200,0.0
3497,玉田县,130229,130200,7.0
3498,唐海县,130230,130200,0.0
3499,遵化市,130281,130200,0.0
3500,丰南市,130282,130200,0.0
3501,迁安市,130283,130200,0.0
3502,秦皇岛市,130300,130000,22.0
3503,海港区,130302,130300,0.0
3504,山海关区,130303,130300,0.0
3505,北戴河区,130304,130300,0.0
3506,青龙满族自治县,130321,130300,0.0
3507,昌黎县,130322,130300,10.0
3508,抚宁县,130323,130300,0.0
3509,卢龙县,130324,130300,0.0
3510,邯郸市,130400,130000,4.0
3511,邯山区,130402,130400,0.0
3512,丛台区,130403,130400,0.0
3513,复兴区,130404,130400,0.0
3514,峰峰矿区,130406,130400,0.0
3515,邯郸县,130421,130400,0.0
3516,临漳县,130423,130400,0.0
3517,成安县,130424,130400,0.0
3518,大名县,130425,130400,0.0
3519,涉县,130426,130400,0.0
3520,磁县,130427,130400,0.0
3521,肥乡县,130428,130400,0.0
3522,永年县,130429,130400,0.0
3523,邱县,130430,130400,0.0
3524,鸡泽县,130431,130400,0.0
3525,广平县,130432,130400,0.0
3526,馆陶县,130433,130400,0.0
3527,魏县,130434,130400,0.0
3528,曲周县,130435,130400,0.0
3529,武安市,130481,130400,0.0
3530,邢台市,130500,130000,-1.0
3531,桥东区,130502,130500,0.0
3532,桥西区,130503,130500,0.0
3533,邢台县,130521,130500,0.0
3534,临城县,130522,130500,0.0
3535,内丘县,130523,130500,0.0
3536,柏乡县,130524,130500,0.0
3537,隆尧县,130525,130500,0.0
3538,任县,130526,130500,0.0
3539,南和县,130527,130500,0.0
3540,宁晋县,130528,130500,0.0
3541,巨鹿县,130529,130500,0.0
3542,新河县,130530,130500,0.0
3543,广宗县,130531,130500,0.0
3544,平乡县,130532,130500,0.0
3545,威县,130533,130500,0.0
3546,清河县,130534,130500,0.0
3547,临西县,130535,130500,0.0
3548,南宫市,130581,130500,0.0
3549,沙河市,130582,130500,0.0
3550,保定市,130600,130000,28.0
3551,新市区,130602,130600,0.0
3552,北市区,130603,130600,0.0
3553,南市区,130604,130600,0.0
3554,满城县,130621,130600,0.0
3555,清苑县,130622,130600,0.0
3556,涞水县,130623,130600,0.0
3557,阜平县,130624,130600,0.0
3558,徐水县,130625,130600,0.0
3559,定兴县,130626,130600,0.0
3560,唐县,130627,130600,0.0
3561,高阳县,130628,130600,0.0
3562,容城县,130629,130600,0.0
3563,涞源县,130630,130600,0.0
3564,望都县,130631,130600,0.0
3565,安新县,130632,130600,0.0
3566,易县,130633,130600,0.0
3567,曲阳县,130634,130600,0.0
3568,蠡县,130635,130600,0.0
3569,顺平县,130636,130600,0.0
3570,博野县,130637,130600,0.0
3571,雄县,130638,130600,0.0
3572,涿州市,130681,130600,0.0
3573,定州市,130682,130600,4.0
3574,安国市,130683,130600,0.0
3575,高碑店市,130684,130600,0.0
3576,张家口市,130700,130000,59.0
3577,桥东区,130702,130700,0.0
3578,桥西区,130703,130700,0.0
3579,宣化区,130705,130700,0.0
3580,下花园区,130706,130700,0.0
3581,宣化县,130721,130700,0.0
3582,张北县,130722,130700,0.0
3583,康保县,130723,130700,0.0
3584,沽源县,130724,130700,0.0
3585,尚义县,130725,130700,5.0
3586,蔚县,130726,130700,0.0
3587,阳原县,130727,130700,0.0
3588,怀安县,130728,130700,0.0
3589,万全县,130729,130700,0.0
3590,怀来县,130730,130700,0.0
3591,涿鹿县,130731,130700,0.0
3592,赤城县,130732,130700,0.0
3593,崇礼县,130733,130700,0.0
3594,承德市,130800,130000,44.0
3595,双桥区,130802,130800,0.0
3596,双滦区,130803,130800,0.0
3597,鹰手营子矿区,130804,130800,0.0
3598,承德县,130821,130800,0.0
3599,兴隆县,130822,130800,0.0
3600,平泉县,130823,130800,0.0
3601,滦平县,130824,130800,0.0
3602,隆化县,130825,130800,0.0
3603,丰宁满族自治县,130826,130800,1.0
3604,宽城满族自治县,130827,130800,0.0
3605,围场满族蒙古族自治县,130828,130800,14.0
3606,沧州市,130900,130000,-1.0
3607,新华区,130902,130900,0.0
3608,运河区,130903,130900,0.0
3609,沧县,130921,130900,0.0
3610,青县,130922,130900,0.0
3611,东光县,130923,130900,0.0
3612,海兴县,130924,130900,0.0
3613,盐山县,130925,130900,0.0
3614,肃宁县,130926,130900,0.0
3615,南皮县,130927,130900,0.0
3616,吴桥县,130928,130900,0.0
3617,献县,130929,130900,0.0
3618,孟村回族自治县,130930,130900,0.0
3619,泊头市,130981,130900,0.0
3620,任丘市,130982,130900,0.0
3621,黄骅市,130983,130900,0.0
3622,河间市,130984,130900,0.0
3623,廊坊市,131000,130000,2.0
3624,安次区,131002,131000,0.0
3625,广阳区,131003,131000,0.0
3626,固安县,131022,131000,0.0
3627,永清县,131023,131000,0.0
3628,香河县,131024,131000,0.0
3629,大城县,131025,131000,0.0
3630,文安县,131026,131000,0.0
3631,大厂回族自治县,131028,131000,0.0
3632,霸州市,131081,131000,0.0
3633,三河市,131082,131000,0.0
3634,衡水市,131100,130000,7.0
3635,桃城区,131102,131100,0.0
3636,枣强县,131121,131100,1.0
3637,武邑县,131122,131100,0.0
3638,武强县,131123,131100,0.0
3639,饶阳县,131124,131100,0.0
3640,安平县,131125,131100,0.0
3641,故城县,131126,131100,0.0
3642,景县,131127,131100,0.0
3643,阜城县,131128,131100,0.0
3644,冀州市,131181,131100,0.0
3645,深州市,131182,131100,0.0
3646,山西省,140000,000000,25.0
3647,太原市,140100,140000,5.0
3648,小店区,140105,140100,0.0
3649,迎泽区,140106,140100,0.0
3650,杏花岭区,140107,140100,0.0
3651,尖草坪区,140108,140100,0.0
3652,万柏林区,140109,140100,0.0
3653,晋源区,140110,140100,0.0
3654,清徐县,140121,140100,0.0
3655,阳曲县,140122,140100,0.0
3656,娄烦县,140123,140100,0.0
3657,古交市,140181,140100,0.0
3658,大同市,140200,140000,0.0
3659,城区,140202,140200,0.0
3660,矿区,140203,140200,0.0
3661,南郊区,140211,140200,0.0
3662,新荣区,140212,140200,0.0
3663,阳高县,140221,140200,0.0
3664,天镇县,140222,140200,0.0
3665,广灵县,140223,140200,0.0
3666,灵丘县,140224,140200,0.0
3667,浑源县,140225,140200,0.0
3668,左云县,140226,140200,0.0
3669,大同县,140227,140200,0.0
3670,阳泉市,140300,140000,0.0
3671,城区,140302,140300,0.0
3672,矿区,140303,140300,0.0
3673,郊区,140311,140300,0.0
3674,平定县,140321,140300,0.0
3675,盂县,140322,140300,0.0
3676,长治市,140400,140000,5.0
3677,城区,140402,140400,0.0
3678,郊区,140411,140400,0.0
3679,长治县,140421,140400,0.0
3680,襄垣县,140423,140400,0.0
3681,屯留县,140424,140400,0.0
3682,平顺县,140425,140400,0.0
3683,黎城县,140426,140400,0.0
3684,壶关县,140427,140400,0.0
3685,长子县,140428,140400,0.0
3686,武乡县,140429,140400,0.0
3687,沁县,140430,140400,0.0
3688,沁源县,140431,140400,0.0
3689,潞城市,140481,140400,0.0
3690,晋城市,140500,140000,0.0
3691,城区,140502,140500,0.0
3692,沁水县,140521,140500,0.0
3693,阳城县,140522,140500,0.0
3694,陵川县,140524,140500,0.0
3695,泽州县,140525,140500,0.0
3696,高平市,140581,140500,0.0
3697,朔州市,140600,140000,7.0
3698,朔城区,140602,140600,0.0
3699,平鲁区,140603,140600,0.0
3700,山阴县,140621,140600,0.0
3701,应县,140622,140600,2.0
3702,右玉县,140623,140600,0.0
3703,怀仁县,140624,140600,0.0
3704,晋中市,140700,140000,1.0
3705,榆次区,140702,140700,0.0
3706,榆社县,140721,140700,0.0
3707,左权县,140722,140700,0.0
3708,和顺县,140723,140700,0.0
3709,昔阳县,140724,140700,0.0
3710,寿阳县,140725,140700,0.0
3711,太谷县,140726,140700,0.0
3712,祁县,140727,140700,0.0
3713,平遥县,140728,140700,0.0
3714,灵石县,140729,140700,0.0
3715,介休市,140781,140700,0.0
3716,运城市,140800,140000,2.0
3717,盐湖区,140802,140800,0.0
3718,临猗县,140821,140800,0.0
3719,万荣县,140822,140800,2.0
3720,闻喜县,140823,140800,0.0
3721,稷山县,140824,140800,0.0
3722,新绛县,140825,140800,0.0
3723,绛县,140826,140800,0.0
3724,垣曲县,140827,140800,0.0
3725,夏县,140828,140800,0.0
3726,平陆县,140829,140800,0.0
3727,芮城县,140830,140800,0.0
3728,永济市,140881,140800,0.0
3729,河津市,140882,140800,0.0
3730,忻州市,140900,140000,4.0
3731,忻府区,140902,140900,1.0
3732,定襄县,140921,140900,0.0
3733,五台县,140922,140900,0.0
3734,代县,140923,140900,0.0
3735,繁峙县,140924,140900,0.0
3736,宁武县,140925,140900,0.0
3737,静乐县,140926,140900,0.0
3738,神池县,140927,140900,0.0
3739,五寨县,140928,140900,0.0
3740,岢岚县,140929,140900,0.0
3741,河曲县,140930,140900,0.0
3742,保德县,140931,140900,0.0
3743,偏关县,140932,140900,0.0
3744,原平市,140981,140900,0.0
3745,临汾市,141000,140000,1.0
3746,尧都区,141002,141000,0.0
3747,曲沃县,141021,141000,0.0
3748,翼城县,141022,141000,0.0
3749,襄汾县,141023,141000,0.0
3750,洪洞县,141024,141000,0.0
3751,古县,141025,141000,0.0
3752,安泽县,141026,141000,0.0
3753,浮山县,141027,141000,0.0
3754,吉县,141028,141000,0.0
3755,乡宁县,141029,141000,0.0
3756,大宁县,141030,141000,0.0
3757,隰县,141031,141000,0.0
3758,永和县,141032,141000,0.0
3759,蒲县,141033,141000,0.0
3760,汾西县,141034,141000,0.0
3761,侯马市,141081,141000,0.0
3762,霍州市,141082,141000,0.0
3763,吕梁地区,142300,140000,0.0
3764,孝义市,142301,142300,0.0
3765,离石市,142302,142300,0.0
3766,汾阳市,142303,142300,0.0
3767,文水县,142322,142300,0.0
3768,交城县,142323,142300,0.0
3769,兴县,142325,142300,0.0
3770,临县,142326,142300,0.0
3771,柳林县,142327,142300,0.0
3772,石楼县,142328,142300,0.0
3773,岚县,142329,142300,0.0
3774,方山县,142330,142300,0.0
3775,中阳县,142332,142300,0.0
3776,交口县,142333,142300,0.0
3777,内蒙古,150000,000000,88.0
3778,呼和浩特市,150100,150000,20.0
3779,新城区,150102,150100,0.0
3780,回民区,150103,150100,0.0
3781,玉泉区,150104,150100,0.0
3782,赛罕区,150105,150100,0.0
3783,土默特左旗,150121,150100,0.0
3784,托克托县,150122,150100,0.0
3785,和林格尔县,150123,150100,0.0
3786,清水河县,150124,150100,0.0
3787,武川县,150125,150100,5.0
3788,包头市,150200,150000,5.0
3789,东河区,150202,150200,0.0
3790,昆都仑区,150203,150200,0.0
3791,青山区,150204,150200,0.0
3792,石拐区,150205,150200,0.0
3793,白云矿区,150206,150200,0.0
3794,九原区,150207,150200,0.0
3795,土默特右旗,150221,150200,0.0
3796,固阳县,150222,150200,0.0
3797,达尔罕茂明安联合旗,150223,150200,0.0
3798,乌海市,150300,150000,0.0
3799,海勃湾区,150302,150300,0.0
3800,海南区,150303,150300,0.0
3801,乌达区,150304,150300,0.0
3802,赤峰市,150400,150000,18.0
3803,红山区,150402,150400,0.0
3804,元宝山区,150403,150400,0.0
3805,松山区,150404,150400,0.0
3806,阿鲁科尔沁旗,150421,150400,0.0
3807,巴林左旗,150422,150400,0.0
3808,巴林右旗,150423,150400,0.0
3809,林西县,150424,150400,0.0
3810,克什克腾旗,150425,150400,0.0
3811,翁牛特旗,150426,150400,1.0
3812,喀喇沁旗,150428,150400,0.0
3813,宁城县,150429,150400,0.0
3814,敖汉旗,150430,150400,0.0
3815,通辽市,150500,150000,0.0
3816,科尔沁区,150502,150500,0.0
3817,科尔沁左翼中旗,150521,150500,0.0
3818,科尔沁左翼后旗,150522,150500,0.0
3819,开鲁县,150523,150500,0.0
3820,库伦旗,150524,150500,0.0
3821,奈曼旗,150525,150500,0.0
3822,扎鲁特旗,150526,150500,0.0
3823,霍林郭勒市,150581,150500,0.0
3824,鄂尔多斯市,150600,150000,2.0
3825,东胜区,150602,150600,0.0
3826,达拉特旗,150621,150600,0.0
3827,准格尔旗,150622,150600,0.0
3828,鄂托克前旗,150623,150600,0.0
3829,鄂托克旗,150624,150600,0.0
3830,杭锦旗,150625,150600,0.0
3831,乌审旗,150626,150600,0.0
3832,伊金霍洛旗,150627,150600,0.0
3833,呼伦贝尔市,150700,150000,4.0
3834,海拉尔区,150702,150700,0.0
3835,阿荣旗,150721,150700,0.0
3836,莫力达瓦达斡尔族自治旗,150722,150700,0.0
3837,鄂伦春自治旗,150723,150700,0.0
3838,鄂温克族自治旗,150724,150700,0.0
3839,陈巴尔虎旗,150725,150700,0.0
3840,新巴尔虎左旗,150726,150700,0.0
3841,新巴尔虎右旗,150727,150700,0.0
3842,满洲里市,150781,150700,0.0
3843,牙克石市,150782,150700,0.0
3844,扎兰屯市,150783,150700,0.0
3845,额尔古纳市,150784,150700,0.0
3846,根河市,150785,150700,0.0
3847,兴安盟,152200,150000,8.0
3848,乌兰浩特市,152201,152200,0.0
3849,阿尔山市,152202,152200,0.0
3850,科尔沁右翼前旗,152221,152200,0.0
3851,科尔沁右翼中旗,152222,152200,0.0
3852,扎赉特旗,152223,152200,0.0
3853,突泉县,152224,152200,0.0
3854,锡林郭勒盟,152500,150000,4.0
3855,二连浩特市,152501,152500,0.0
3856,锡林浩特市,152502,152500,0.0
3857,阿巴嘎旗,152522,152500,0.0
3858,苏尼特左旗,152523,152500,0.0
3859,苏尼特右旗,152524,152500,0.0
3860,东乌珠穆沁旗,152525,152500,0.0
3861,西乌珠穆沁旗,152526,152500,0.0
3862,太仆寺旗,152527,152500,0.0
3863,镶黄旗,152528,152500,0.0
3864,正镶白旗,152529,152500,0.0
3865,正蓝旗,152530,152500,0.0
3866,多伦县,152531,152500,0.0
3867,乌兰察布盟,152600,150000,26.0
3868,集宁市,152601,152600,2.0
3869,丰镇市,152602,152600,0.0
3870,卓资县,152624,152600,0.0
3871,化德县,152625,152600,0.0
3872,商都县,152626,152600,0.0
3873,兴和县,152627,152600,0.0
3874,凉城县,152629,152600,0.0
3875,察哈尔右翼前旗,152630,152600,0.0
3876,察哈尔右翼中旗,152631,152600,0.0
3877,察哈尔右翼后旗,152632,152600,0.0
3878,四子王旗,152634,152600,0.0
3879,巴彦淖尔盟,152800,150000,1.0
3880,临河市,152801,152800,0.0
3881,五原县,152822,152800,0.0
3882,磴口县,152823,152800,0.0
3883,乌拉特前旗,152824,152800,0.0
3884,乌拉特中旗,152825,152800,0.0
3885,乌拉特后旗,152826,152800,0.0
3886,杭锦后旗,152827,152800,0.0
3887,阿拉善盟,152900,150000,0.0
3888,阿拉善左旗,152921,152900,0.0
3889,阿拉善右旗,152922,152900,0.0
3890,额济纳旗,152923,152900,0.0
3891,辽宁省,210000,000000,68.0
3892,沈阳市,210100,210000,8.0
3893,和平区,210102,210100,0.0
3894,沈河区,210103,210100,0.0
3895,大东区,210104,210100,0.0
3896,皇姑区,210105,210100,0.0
3897,铁西区,210106,210100,0.0
3898,苏家屯区,210111,210100,0.0
3899,东陵区,210112,210100,0.0
3900,新城子区,210113,210100,0.0
3901,于洪区,210114,210100,0.0
3902,辽中县,210122,210100,0.0
3903,康平县,210123,210100,1.0
3904,法库县,210124,210100,0.0
3905,新民市,210181,210100,0.0
3906,大连市,210200,210000,-1.0
3907,中山区,210202,210200,0.0
3908,西岗区,210203,210200,0.0
3909,沙河口区,210204,210200,0.0
3910,甘井子区,210211,210200,0.0
3911,旅顺口区,210212,210200,0.0
3912,金州区,210213,210200,0.0
3913,长海县,210224,210200,0.0
3914,瓦房店市,210281,210200,0.0
3915,普兰店市,210282,210200,0.0
3916,庄河市,210283,210200,0.0
3917,鞍山市,210300,210000,0.0
3918,铁东区,210302,210300,0.0
3919,铁西区,210303,210300,0.0
3920,立山区,210304,210300,0.0
3921,千山区,210311,210300,0.0
3922,台安县,210321,210300,0.0
3923,岫岩满族自治县,210323,210300,0.0
3924,海城市,210381,210300,0.0
3925,抚顺市,210400,210000,0.0
3926,新抚区,210402,210400,0.0
3927,东洲区,210403,210400,0.0
3928,望花区,210404,210400,0.0
3929,顺城区,210411,210400,0.0
3930,抚顺县,210421,210400,0.0
3931,新宾满族自治县,210422,210400,0.0
3932,清原满族自治县,210423,210400,0.0
3933,本溪市,210500,210000,0.0
3934,平山区,210502,210500,0.0
3935,溪湖区,210503,210500,0.0
3936,明山区,210504,210500,0.0
3937,南芬区,210505,210500,0.0
3938,本溪满族自治县,210521,210500,0.0
3939,桓仁满族自治县,210522,210500,0.0
3940,丹东市,210600,210000,0.0
3941,元宝区,210602,210600,0.0
3942,振兴区,210603,210600,0.0
3943,振安区,210604,210600,0.0
3944,宽甸满族自治县,210624,210600,0.0
3945,东港市,210681,210600,0.0
3946,凤城市,210682,210600,0.0
3947,锦州市,210700,210000,4.0
3948,古塔区,210702,210700,0.0
3949,凌河区,210703,210700,0.0
3950,太和区,210711,210700,0.0
3951,黑山县,210726,210700,0.0
3952,义县,210727,210700,0.0
3953,凌海市,210781,210700,2.0
3954,北宁市,210782,210700,0.0
3955,营口市,210800,210000,0.0
3956,站前区,210802,210800,0.0
3957,西市区,210803,210800,0.0
3958,鲅鱼圈区,210804,210800,0.0
3959,老边区,210811,210800,0.0
3960,盖州市,210881,210800,0.0
3961,大石桥市,210882,210800,0.0
3962,阜新市,210900,210000,0.0
3963,海州区,210902,210900,0.0
3964,新邱区,210903,210900,0.0
3965,太平区,210904,210900,0.0
3966,清河门区,210905,210900,0.0
3967,细河区,210911,210900,0.0
3968,阜新蒙古族自治县,210921,210900,0.0
3969,彰武县,210922,210900,0.0
3970,辽阳市,211000,210000,0.0
3971,白塔区,211002,211000,0.0
3972,文圣区,211003,211000,0.0
3973,宏伟区,211004,211000,0.0
3974,弓长岭区,211005,211000,0.0
3975,太子河区,211011,211000,0.0
3976,辽阳县,211021,211000,0.0
3977,灯塔市,211081,211000,0.0
3978,盘锦市,211100,210000,0.0
3979,双台子区,211102,211100,0.0
3980,兴隆台区,211103,211100,0.0
3981,大洼县,211121,211100,0.0
3982,盘山县,211122,211100,0.0
3983,铁岭市,211200,210000,0.0
3984,银州区,211202,211200,0.0
3985,清河区,211204,211200,0.0
3986,铁岭县,211221,211200,0.0
3987,西丰县,211223,211200,0.0
3988,昌图县,211224,211200,0.0
3989,铁法市,211281,211200,0.0
3990,开原市,211282,211200,0.0
3991,朝阳市,211300,210000,1.0
3992,双塔区,211302,211300,0.0
3993,龙城区,211303,211300,0.0
3994,朝阳县,211321,211300,0.0
3995,建平县,211322,211300,0.0
3996,喀喇沁左翼蒙古族自治县,211324,211300,0.0
3997,北票市,211381,211300,0.0
3998,凌源市,211382,211300,0.0
3999,葫芦岛市,211400,210000,50.0
4000,连山区,211402,211400,0.0
4001,龙港区,211403,211400,0.0
4002,南票区,211404,211400,0.0
4003,绥中县,211421,211400,2.0
4004,建昌县,211422,211400,0.0
4005,兴城市,211481,211400,1.0
4006,吉林省,220000,000000,18.0
4007,长春市,220100,220000,5.0
4008,南关区,220102,220100,0.0
4009,宽城区,220103,220100,0.0
4010,朝阳区,220104,220100,0.0
4011,二道区,220105,220100,0.0
4012,绿园区,220106,220100,0.0
4013,双阳区,220112,220100,0.0
4014,农安县,220122,220100,0.0
4015,九台市,220181,220100,0.0
4016,榆树市,220182,220100,0.0
4017,德惠市,220183,220100,0.0
4018,吉林市,220200,220000,0.0
4019,昌邑区,220202,220200,0.0
4020,龙潭区,220203,220200,0.0
4021,船营区,220204,220200,0.0
4022,丰满区,220211,220200,0.0
4023,永吉县,220221,220200,0.0
4024,蛟河市,220281,220200,0.0
4025,桦甸市,220282,220200,0.0
4026,舒兰市,220283,220200,0.0
4027,磐石市,220284,220200,0.0
4028,四平市,220300,220000,8.0
4029,铁西区,220302,220300,0.0
4030,铁东区,220303,220300,0.0
4031,梨树县,220322,220300,0.0
4032,伊通满族自治县,220323,220300,0.0
4033,公主岭市,220381,220300,1.0
4034,双辽市,220382,220300,0.0
4035,辽源市,220400,220000,1.0
4036,龙山区,220402,220400,0.0
4037,西安区,220403,220400,0.0
4038,东丰县,220421,220400,0.0
4039,东辽县,220422,220400,0.0
4040,通化市,220500,220000,0.0
4041,东昌区,220502,220500,0.0
4042,二道江区,220503,220500,0.0
4043,通化县,220521,220500,0.0
4044,辉南县,220523,220500,0.0
4045,柳河县,220524,220500,0.0
4046,梅河口市,220581,220500,0.0
4047,集安市,220582,220500,0.0
4048,白山市,220600,220000,0.0
4049,八道江区,220602,220600,0.0
4050,抚松县,220621,220600,0.0
4051,靖宇县,220622,220600,0.0
4052,长白朝鲜族自治县,220623,220600,0.0
4053,江源县,220625,220600,0.0
4054,临江市,220681,220600,0.0
4055,松原市,220700,220000,2.0
4056,宁江区,220702,220700,0.0
4057,前郭尔罗斯蒙古族自治县,220721,220700,0.0
4058,长岭县,220722,220700,0.0
4059,乾安县,220723,220700,0.0
4060,扶余县,220724,220700,1.0
4061,白城市,220800,220000,1.0
4062,洮北区,220802,220800,0.0
4063,镇赉县,220821,220800,0.0
4064,通榆县,220822,220800,0.0
4065,洮南市,220881,220800,1.0
4066,大安市,220882,220800,0.0
4067,延边朝鲜族自治州,222400,220000,1.0
4068,延吉市,222401,222400,0.0
4069,图们市,222402,222400,0.0
4070,敦化市,222403,222400,0.0
4071,珲春市,222404,222400,0.0
4072,龙井市,222405,222400,0.0
4073,和龙市,222406,222400,0.0
4074,汪清县,222424,222400,0.0
4075,安图县,222426,222400,0.0
4076,黑龙江,230000,000000,48.0
4077,哈尔滨市,230100,230000,9.0
4078,道里区,230102,230100,0.0
4079,南岗区,230103,230100,0.0
4080,道外区,230104,230100,0.0
4081,太平区,230105,230100,0.0
4082,香坊区,230106,230100,0.0
4083,动力区,230107,230100,0.0
4084,平房区,230108,230100,0.0
4085,呼兰县,230121,230100,0.0
4086,依兰县,230123,230100,0.0
4087,方正县,230124,230100,0.0
4088,宾县,230125,230100,0.0
4089,巴彦县,230126,230100,0.0
4090,木兰县,230127,230100,0.0
4091,通河县,230128,230100,0.0
4092,延寿县,230129,230100,0.0
4093,阿城市,230181,230100,0.0
4094,双城市,230182,230100,0.0
4095,尚志市,230183,230100,0.0
4096,五常市,230184,230100,0.0
4097,齐齐哈尔市,230200,230000,33.0
4098,龙沙区,230202,230200,0.0
4099,建华区,230203,230200,0.0
4100,铁锋区,230204,230200,0.0
4101,昂昂溪区,230205,230200,0.0
4102,富拉尔基区,230206,230200,0.0
4103,碾子山区,230207,230200,0.0
4104,梅里斯达斡尔族区,230208,230200,0.0
4105,龙江县,230221,230200,0.0
4106,依安县,230223,230200,0.0
4107,泰来县,230224,230200,0.0
4108,甘南县,230225,230200,0.0
4109,富裕县,230227,230200,0.0
4110,克山县,230229,230200,0.0
4111,克东县,230230,230200,0.0
4112,拜泉县,230231,230200,0.0
4113,讷河市,230281,230200,13.0
4114,鸡西市,230300,230000,0.0
4115,鸡冠区,230302,230300,0.0
4116,恒山区,230303,230300,0.0
4117,滴道区,230304,230300,0.0
4118,梨树区,230305,230300,0.0
4119,城子河区,230306,230300,0.0
4120,麻山区,230307,230300,0.0
4121,鸡东县,230321,230300,0.0
4122,虎林市,230381,230300,0.0
4123,密山市,230382,230300,0.0
4124,鹤岗市,230400,230000,0.0
4125,向阳区,230402,230400,0.0
4126,工农区,230403,230400,0.0
4127,南山区,230404,230400,0.0
4128,兴安区,230405,230400,0.0
4129,东山区,230406,230400,0.0
4130,兴山区,230407,230400,0.0
4131,萝北县,230421,230400,0.0
4132,绥滨县,230422,230400,0.0
4133,双鸭山市,230500,230000,0.0
4134,尖山区,230502,230500,0.0
4135,岭东区,230503,230500,0.0
4136,四方台区,230505,230500,0.0
4137,宝山区,230506,230500,0.0
4138,集贤县,230521,230500,0.0
4139,友谊县,230522,230500,0.0
4140,宝清县,230523,230500,0.0
4141,饶河县,230524,230500,0.0
4142,大庆市,230600,230000,0.0
4143,萨尔图区,230602,230600,0.0
4144,龙凤区,230603,230600,0.0
4145,让胡路区,230604,230600,0.0
4146,红岗区,230605,230600,0.0
4147,大同区,230606,230600,0.0
4148,肇州县,230621,230600,0.0
4149,肇源县,230622,230600,0.0
4150,林甸县,230623,230600,0.0
4151,杜尔伯特蒙古族自治县,230624,230600,0.0
4152,伊春市,230700,230000,0.0
4153,伊春区,230702,230700,0.0
4154,南岔区,230703,230700,0.0
4155,友好区,230704,230700,0.0
4156,西林区,230705,230700,0.0
4157,翠峦区,230706,230700,0.0
4158,新青区,230707,230700,0.0
4159,美溪区,230708,230700,0.0
4160,金山屯区,230709,230700,0.0
4161,五营区,230710,230700,0.0
4162,乌马河区,230711,230700,0.0
4163,汤旺河区,230712,230700,0.0
4164,带岭区,230713,230700,0.0
4165,乌伊岭区,230714,230700,0.0
4166,红星区,230715,230700,0.0
4167,上甘岭区,230716,230700,0.0
4168,嘉荫县,230722,230700,0.0
4169,铁力市,230781,230700,0.0
4170,佳木斯市,230800,230000,0.0
4171,永红区,230802,230800,0.0
4172,向阳区,230803,230800,0.0
4173,前进区,230804,230800,0.0
4174,东风区,230805,230800,0.0
4175,郊区,230811,230800,0.0
4176,桦南县,230822,230800,0.0
4177,桦川县,230826,230800,0.0
4178,汤原县,230828,230800,0.0
4179,抚远县,230833,230800,0.0
4180,同江市,230881,230800,0.0
4181,富锦市,230882,230800,0.0
4182,七台河市,230900,230000,0.0
4183,新兴区,230902,230900,0.0
4184,桃山区,230903,230900,0.0
4185,茄子河区,230904,230900,0.0
4186,勃利县,230921,230900,0.0
4187,牡丹江市,231000,230000,2.0
4188,东安区,231002,231000,0.0
4189,阳明区,231003,231000,0.0
4190,爱民区,231004,231000,0.0
4191,西安区,231005,231000,0.0
4192,东宁县,231024,231000,0.0
4193,林口县,231025,231000,0.0
4194,绥芬河市,231081,231000,0.0
4195,海林市,231083,231000,0.0
4196,宁安市,231084,231000,0.0
4197,穆棱市,231085,231000,0.0
4198,黑河市,231100,230000,0.0
4199,爱辉区,231102,231100,0.0
4200,嫩江县,231121,231100,0.0
4201,逊克县,231123,231100,0.0
4202,孙吴县,231124,231100,0.0
4203,北安市,231181,231100,0.0
4204,五大连池市,231182,231100,0.0
4205,绥化市,231200,230000,2.0
4206,北林区,231202,231200,0.0
4207,望奎县,231221,231200,0.0
4208,兰西县,231222,231200,0.0
4209,青冈县,231223,231200,0.0
4210,庆安县,231224,231200,0.0
4211,明水县,231225,231200,0.0
4212,绥棱县,231226,231200,0.0
4213,安达市,231281,231200,0.0
4214,肇东市,231282,231200,0.0
4215,海伦市,231283,231200,0.0
4216,大兴安岭地区,232700,230000,2.0
4217,呼玛县,232721,232700,0.0
4218,塔河县,232722,232700,0.0
4219,漠河县,232723,232700,0.0
4220,上海市,310000,000000,-1.0
4221,市辖区,310100,310000,-1.0
4222,黄浦区,310101,310100,0.0
4223,卢湾区,310103,310100,0.0
4224,徐汇区,310104,310100,0.0
4225,长宁区,310105,310100,0.0
4226,静安区,310106,310100,0.0
4227,普陀区,310107,310100,0.0
4228,闸北区,310108,310100,0.0
4229,虹口区,310109,310100,0.0
4230,杨浦区,310110,310100,0.0
4231,闵行区,310112,310100,0.0
4232,宝山区,310113,310100,0.0
4233,嘉定区,310114,310100,0.0
4234,浦东新区,310115,310100,0.0
4235,金山区,310116,310100,0.0
4236,松江区,310117,310100,0.0
4237,青浦区,310118,310100,0.0
4238,南汇区,310119,310100,0.0
4239,奉贤区,310120,310100,0.0
4240,市辖县,310200,310000,0.0
4241,崇明县,310230,310200,0.0
4242,江苏省,320000,000000,19.0
4243,南京市,320100,320000,-1.0
4244,玄武区,320102,320100,0.0
4245,白下区,320103,320100,0.0
4246,秦淮区,320104,320100,0.0
4247,建邺区,320105,320100,0.0
4248,鼓楼区,320106,320100,0.0
4249,下关区,320107,320100,0.0
4250,浦口区,320111,320100,0.0
4251,大厂区,320112,320100,0.0
4252,栖霞区,320113,320100,0.0
4253,雨花台区,320114,320100,0.0
4254,江宁区,320115,320100,0.0
4255,江浦县,320122,320100,0.0
4256,六合县,320123,320100,0.0
4257,溧水县,320124,320100,0.0
4258,高淳县,320125,320100,0.0
4259,无锡市,320200,320000,0.0
4260,崇安区,320202,320200,0.0
4261,南长区,320203,320200,0.0
4262,北塘区,320204,320200,0.0
4263,锡山区,320205,320200,0.0
4264,惠山区,320206,320200,0.0
4265,滨湖区,320211,320200,0.0
4266,江阴市,320281,320200,0.0
4267,宜兴市,320282,320200,0.0
4268,徐州市,320300,320000,15.0
4269,鼓楼区,320302,320300,0.0
4270,云龙区,320303,320300,0.0
4271,九里区,320304,320300,0.0
4272,贾汪区,320305,320300,0.0
4273,泉山区,320311,320300,0.0
4274,丰县,320321,320300,5.0
4275,沛县,320322,320300,0.0
4276,铜山县,320323,320300,0.0
4277,睢宁县,320324,320300,0.0
4278,新沂市,320381,320300,0.0
4279,邳州市,320382,320300,0.0
4280,常州市,320400,320000,0.0
4281,天宁区,320402,320400,0.0
4282,钟楼区,320404,320400,0.0
4283,戚墅堰区,320405,320400,0.0
4284,郊区,320411,320400,0.0
4285,溧阳市,320481,320400,0.0
4286,金坛市,320482,320400,0.0
4287,武进市,320483,320400,0.0
4288,苏州市,320500,320000,0.0
4289,沧浪区,320502,320500,0.0
4290,平江区,320503,320500,0.0
4291,金阊区,320504,320500,0.0
4292,虎丘区,320505,320500,0.0
4293,吴中区,320506,320500,0.0
4294,相城区,320507,320500,0.0
4295,常熟市,320581,320500,0.0
4296,张家港市,320582,320500,0.0
4297,昆山市,320583,320500,0.0
4298,吴江市,320584,320500,0.0
4299,太仓市,320585,320500,0.0
4300,南通市,320600,320000,0.0
4301,崇川区,320602,320600,0.0
4302,港闸区,320611,320600,0.0
4303,海安县,320621,320600,0.0
4304,如东县,320623,320600,0.0
4305,启东市,320681,320600,0.0
4306,如皋市,320682,320600,0.0
4307,通州市,320683,320600,0.0
4308,海门市,320684,320600,0.0
4309,连云港市,320700,320000,0.0
4310,连云区,320703,320700,0.0
4311,新浦区,320705,320700,0.0
4312,海州区,320706,320700,0.0
4313,赣榆县,320721,320700,0.0
4314,东海县,320722,320700,0.0
4315,灌云县,320723,320700,0.0
4316,灌南县,320724,320700,0.0
4317,淮安市,320800,320000,0.0
4318,清河区,320802,320800,0.0
4319,楚州区,320803,320800,0.0
4320,淮阴区,320804,320800,0.0
4321,清浦区,320811,320800,0.0
4322,涟水县,320826,320800,0.0
4323,洪泽县,320829,320800,0.0
4324,盱眙县,320830,320800,0.0
4325,金湖县,320831,320800,0.0
4326,盐城市,320900,320000,0.0
4327,城区,320902,320900,0.0
4328,响水县,320921,320900,0.0
4329,滨海县,320922,320900,0.0
4330,阜宁县,320923,320900,0.0
4331,射阳县,320924,320900,0.0
4332,建湖县,320925,320900,0.0
4333,盐都县,320928,320900,0.0
4334,东台市,320981,320900,0.0
4335,大丰市,320982,320900,0.0
4336,扬州市,321000,320000,2.0
4337,广陵区,321002,321000,0.0
4338,邗江区,321003,321000,0.0
4339,郊区,321011,321000,0.0
4340,宝应县,321023,321000,0.0
4341,仪征市,321081,321000,0.0
4342,高邮市,321084,321000,0.0
4343,江都市,321088,321000,0.0
4344,镇江市,321100,320000,0.0
4345,京口区,321102,321100,0.0
4346,润州区,321111,321100,0.0
4347,丹徒县,321121,321100,0.0
4348,丹阳市,321181,321100,0.0
4349,扬中市,321182,321100,0.0
4350,句容市,321183,321100,0.0
4351,泰州市,321200,320000,0.0
4352,海陵区,321202,321200,0.0
4353,高港区,321203,321200,0.0
4354,兴化市,321281,321200,0.0
4355,靖江市,321282,321200,0.0
4356,泰兴市,321283,321200,0.0
4357,姜堰市,321284,321200,0.0
4358,宿迁市,321300,320000,-1.0
4359,宿城区,321302,321300,0.0
4360,宿豫县,321321,321300,0.0
4361,沭阳县,321322,321300,0.0
4362,泗阳县,321323,321300,0.0
4363,泗洪县,321324,321300,0.0
4364,浙江省,330000,000000,9.0
4365,杭州市,330100,330000,2.0
4366,上城区,330102,330100,0.0
4367,下城区,330103,330100,0.0
4368,江干区,330104,330100,0.0
4369,拱墅区,330105,330100,0.0
4370,西湖区,330106,330100,0.0
4371,滨江区,330108,330100,0.0
4372,萧山区,330109,330100,0.0
4373,余杭区,330110,330100,0.0
4374,桐庐县,330122,330100,0.0
4375,淳安县,330127,330100,0.0
4376,建德市,330182,330100,0.0
4377,富阳市,330183,330100,0.0
4378,临安市,330185,330100,0.0
4379,宁波市,330200,330000,0.0
4380,海曙区,330203,330200,0.0
4381,江东区,330204,330200,0.0
4382,江北区,330205,330200,0.0
4383,北仑区,330206,330200,0.0
4384,镇海区,330211,330200,0.0
4385,象山县,330225,330200,0.0
4386,宁海县,330226,330200,0.0
4387,鄞县,330227,330200,0.0
4388,余姚市,330281,330200,0.0
4389,慈溪市,330282,330200,0.0
4390,奉化市,330283,330200,0.0
4391,温州市,330300,330000,-1.0
4392,鹿城区,330302,330300,0.0
4393,龙湾区,330303,330300,0.0
4394,瓯海区,330304,330300,0.0
4395,洞头县,330322,330300,0.0
4396,永嘉县,330324,330300,0.0
4397,平阳县,330326,330300,0.0
4398,苍南县,330327,330300,0.0
4399,文成县,330328,330300,0.0
4400,泰顺县,330329,330300,0.0
4401,瑞安市,330381,330300,0.0
4402,乐清市,330382,330300,0.0
4403,嘉兴市,330400,330000,2.0
4404,秀城区,330402,330400,0.0
4405,秀洲区,330411,330400,0.0
4406,嘉善县,330421,330400,0.0
4407,海盐县,330424,330400,0.0
4408,海宁市,330481,330400,0.0
4409,平湖市,330482,330400,0.0
4410,桐乡市,330483,330400,0.0
4411,湖州市,330500,330000,0.0
4412,德清县,330521,330500,0.0
4413,长兴县,330522,330500,0.0
4414,安吉县,330523,330500,0.0
4415,绍兴市,330600,330000,0.0
4416,越城区,330602,330600,0.0
4417,绍兴县,330621,330600,0.0
4418,新昌县,330624,330600,0.0
4419,诸暨市,330681,330600,0.0
4420,上虞市,330682,330600,0.0
4421,嵊州市,330683,330600,0.0
4422,金华市,330700,330000,2.0
4423,婺城区,330702,330700,0.0
4424,金东区,330703,330700,0.0
4425,武义县,330723,330700,0.0
4426,浦江县,330726,330700,0.0
4427,磐安县,330727,330700,0.0
4428,兰溪市,330781,330700,0.0
4429,义乌市,330782,330700,0.0
4430,东阳市,330783,330700,0.0
4431,永康市,330784,330700,0.0
4432,衢州市,330800,330000,0.0
4433,柯城区,330802,330800,0.0
4434,衢江区,330803,330800,0.0
4435,常山县,330822,330800,0.0
4436,开化县,330824,330800,0.0
4437,龙游县,330825,330800,0.0
4438,江山市,330881,330800,0.0
4439,舟山市,330900,330000,0.0
4440,定海区,330902,330900,0.0
4441,普陀区,330903,330900,0.0
4442,岱山县,330921,330900,0.0
4443,嵊泗县,330922,330900,0.0
4444,台州市,331000,330000,-1.0
4445,椒江区,331002,331000,0.0
4446,黄岩区,331003,331000,0.0
4447,路桥区,331004,331000,0.0
4448,玉环县,331021,331000,0.0
4449,三门县,331022,331000,0.0
4450,天台县,331023,331000,0.0
4451,仙居县,331024,331000,0.0
4452,温岭市,331081,331000,0.0
4453,临海市,331082,331000,0.0
4454,丽水市,331100,330000,0.0
4455,莲都区,331102,331100,0.0
4456,青田县,331121,331100,0.0
4457,缙云县,331122,331100,0.0
4458,遂昌县,331123,331100,0.0
4459,松阳县,331124,331100,0.0
4460,云和县,331125,331100,0.0
4461,庆元县,331126,331100,0.0
4462,景宁畲族自治县,331127,331100,0.0
4463,龙泉市,331181,331100,0.0
4464,安徽省,340000,000000,9.0
4465,合肥市,340100,340000,0.0
4466,东市区,340102,340100,0.0
4467,中市区,340103,340100,0.0
4468,西市区,340104,340100,0.0
4469,郊区,340111,340100,0.0
4470,长丰县,340121,340100,0.0
4471,肥东县,340122,340100,0.0
4472,肥西县,340123,340100,0.0
4473,芜湖市,340200,340000,0.0
4474,镜湖区,340202,340200,0.0
4475,马塘区,340203,340200,0.0
4476,新芜区,340204,340200,0.0
4477,鸠江区,340207,340200,0.0
4478,芜湖县,340221,340200,0.0
4479,繁昌县,340222,340200,0.0
4480,南陵县,340223,340200,0.0
4481,蚌埠市,340300,340000,0.0
4482,东市区,340302,340300,0.0
4483,中市区,340303,340300,0.0
4484,西市区,340304,340300,0.0
4485,郊区,340311,340300,0.0
4486,怀远县,340321,340300,0.0
4487,五河县,340322,340300,0.0
4488,固镇县,340323,340300,0.0
4489,淮南市,340400,340000,0.0
4490,大通区,340402,340400,0.0
4491,田家庵区,340403,340400,0.0
4492,谢家集区,340404,340400,0.0
4493,八公山区,340405,340400,0.0
4494,潘集区,340406,340400,0.0
4495,凤台县,340421,340400,0.0
4496,马鞍山市,340500,340000,0.0
4497,金家庄区,340502,340500,0.0
4498,花山区,340503,340500,0.0
4499,雨山区,340504,340500,0.0
4500,当涂县,340521,340500,0.0
4501,淮北市,340600,340000,1.0
4502,杜集区,340602,340600,0.0
4503,相山区,340603,340600,0.0
4504,烈山区,340604,340600,0.0
4505,濉溪县,340621,340600,0.0
4506,铜陵市,340700,340000,0.0
4507,铜官山区,340702,340700,0.0
4508,狮子山区,340703,340700,0.0
4509,郊区,340711,340700,0.0
4510,铜陵县,340721,340700,0.0
4511,安庆市,340800,340000,3.0
4512,迎江区,340802,340800,0.0
4513,大观区,340803,340800,0.0
4514,郊区,340811,340800,0.0
4515,怀宁县,340822,340800,0.0
4516,枞阳县,340823,340800,3.0
4517,潜山县,340824,340800,0.0
4518,太湖县,340825,340800,0.0
4519,宿松县,340826,340800,0.0
4520,望江县,340827,340800,0.0
4521,岳西县,340828,340800,0.0
4522,桐城市,340881,340800,0.0
4523,黄山市,341000,340000,0.0
4524,屯溪区,341002,341000,0.0
4525,黄山区,341003,341000,0.0
4526,徽州区,341004,341000,0.0
4527,歙县,341021,341000,0.0
4528,休宁县,341022,341000,0.0
4529,黟县,341023,341000,0.0
4530,祁门县,341024,341000,0.0
4531,滁州市,341100,340000,1.0
4532,琅琊区,341102,341100,0.0
4533,南谯区,341103,341100,0.0
4534,来安县,341122,341100,0.0
4535,全椒县,341124,341100,0.0
4536,定远县,341125,341100,0.0
4537,凤阳县,341126,341100,0.0
4538,天长市,341181,341100,0.0
4539,明光市,341182,341100,0.0
4540,阜阳市,341200,340000,0.0
4541,颍州区,341202,341200,0.0
4542,颍东区,341203,341200,0.0
4543,颍泉区,341204,341200,0.0
4544,临泉县,341221,341200,0.0
4545,太和县,341222,341200,0.0
4546,阜南县,341225,341200,0.0
4547,颍上县,341226,341200,0.0
4548,界首市,341282,341200,0.0
4549,宿州市,341300,340000,1.0
4550,墉桥区,341302,341300,0.0
4551,砀山县,341321,341300,0.0
4552,萧县,341322,341300,0.0
4553,灵璧县,341323,341300,0.0
4554,泗县,341324,341300,0.0
4555,巢湖市,341400,340000,0.0
4556,居巢区,341402,341400,0.0
4557,庐江县,341421,341400,0.0
4558,无为县,341422,341400,0.0
4559,含山县,341423,341400,0.0
4560,和县,341424,341400,0.0
4561,六安市,341500,340000,0.0
4562,金安区,341502,341500,0.0
4563,裕安区,341503,341500,0.0
4564,寿县,341521,341500,0.0
4565,霍邱县,341522,341500,0.0
4566,舒城县,341523,341500,0.0
4567,金寨县,341524,341500,0.0
4568,霍山县,341525,341500,0.0
4569,亳州市,341600,340000,2.0
4570,谯城区,341602,341600,0.0
4571,涡阳县,341621,341600,0.0
4572,蒙城县,341622,341600,0.0
4573,利辛县,341623,341600,0.0
4574,池州市,341700,340000,1.0
4575,贵池区,341702,341700,0.0
4576,东至县,341721,341700,0.0
4577,石台县,341722,341700,0.0
4578,青阳县,341723,341700,0.0
4579,宣城市,341800,340000,0.0
4580,宣州区,341802,341800,0.0
4581,郎溪县,341821,341800,0.0
4582,广德县,341822,341800,0.0
4583,泾县,341823,341800,0.0
4584,绩溪县,341824,341800,0.0
4585,旌德县,341825,341800,0.0
4586,宁国市,341881,341800,0.0
4587,福建省,350000,000000,5.0
4588,福州市,350100,350000,-1.0
4589,鼓楼区,350102,350100,0.0
4590,台江区,350103,350100,0.0
4591,仓山区,350104,350100,0.0
4592,马尾区,350105,350100,0.0
4593,晋安区,350111,350100,0.0
4594,闽侯县,350121,350100,0.0
4595,连江县,350122,350100,0.0
4596,罗源县,350123,350100,0.0
4597,闽清县,350124,350100,0.0
4598,永泰县,350125,350100,0.0
4599,平潭县,350128,350100,0.0
4600,福清市,350181,350100,0.0
4601,长乐市,350182,350100,0.0
4602,厦门市,350200,350000,-1.0
4603,鼓浪屿区,350202,350200,0.0
4604,思明区,350203,350200,0.0
4605,开元区,350204,350200,0.0
4606,杏林区,350205,350200,0.0
4607,湖里区,350206,350200,0.0
4608,集美区,350211,350200,0.0
4609,同安区,350212,350200,0.0
4610,莆田市,350300,350000,0.0
4611,城厢区,350302,350300,0.0
4612,涵江区,350303,350300,0.0
4613,莆田县,350321,350300,0.0
4614,仙游县,350322,350300,0.0
4615,三明市,350400,350000,0.0
4616,梅列区,350402,350400,0.0
4617,三元区,350403,350400,0.0
4618,明溪县,350421,350400,0.0
4619,清流县,350423,350400,0.0
4620,宁化县,350424,350400,0.0
4621,大田县,350425,350400,0.0
4622,尤溪县,350426,350400,0.0
4623,沙县,350427,350400,0.0
4624,将乐县,350428,350400,0.0
4625,泰宁县,350429,350400,0.0
4626,建宁县,350430,350400,0.0
4627,永安市,350481,350400,0.0
4628,泉州市,350500,350000,-1.0
4629,鲤城区,350502,350500,0.0
4630,丰泽区,350503,350500,0.0
4631,洛江区,350504,350500,0.0
4632,泉港区,350505,350500,0.0
4633,惠安县,350521,350500,0.0
4634,安溪县,350524,350500,0.0
4635,永春县,350525,350500,0.0
4636,德化县,350526,350500,0.0
4637,金门县,350527,350500,0.0
4638,石狮市,350581,350500,0.0
4639,晋江市,350582,350500,0.0
4640,南安市,350583,350500,0.0
4641,漳州市,350600,350000,1.0
4642,芗城区,350602,350600,0.0
4643,龙文区,350603,350600,0.0
4644,云霄县,350622,350600,0.0
4645,漳浦县,350623,350600,1.0
4646,诏安县,350624,350600,0.0
4647,长泰县,350625,350600,0.0
4648,东山县,350626,350600,0.0
4649,南靖县,350627,350600,0.0
4650,平和县,350628,350600,0.0
4651,华安县,350629,350600,0.0
4652,龙海市,350681,350600,0.0
4653,南平市,350700,350000,1.0
4654,延平区,350702,350700,0.0
4655,顺昌县,350721,350700,0.0
4656,浦城县,350722,350700,0.0
4657,光泽县,350723,350700,0.0
4658,松溪县,350724,350700,0.0
4659,政和县,350725,350700,0.0
4660,邵武市,350781,350700,0.0
4661,武夷山市,350782,350700,0.0
4662,建瓯市,350783,350700,0.0
4663,建阳市,350784,350700,0.0
4664,龙岩市,350800,350000,0.0
4665,新罗区,350802,350800,0.0
4666,长汀县,350821,350800,0.0
4667,永定县,350822,350800,0.0
4668,上杭县,350823,350800,0.0
4669,武平县,350824,350800,0.0
4670,连城县,350825,350800,0.0
4671,漳平市,350881,350800,0.0
4672,宁德市,350900,350000,0.0
4673,蕉城区,350902,350900,0.0
4674,霞浦县,350921,350900,0.0
4675,古田县,350922,350900,0.0
4676,屏南县,350923,350900,0.0
4677,寿宁县,350924,350900,0.0
4678,周宁县,350925,350900,0.0
4679,柘荣县,350926,350900,0.0
4680,福安市,350981,350900,0.0
4681,福鼎市,350982,350900,0.0
4682,江西省,360000,000000,-1.0
4683,南昌市,360100,360000,0.0
4684,东湖区,360102,360100,0.0
4685,西湖区,360103,360100,0.0
4686,青云谱区,360104,360100,0.0
4687,湾里区,360105,360100,0.0
4688,郊区,360111,360100,0.0
4689,南昌县,360121,360100,0.0
4690,新建县,360122,360100,0.0
4691,安义县,360123,360100,0.0
4692,进贤县,360124,360100,0.0
4693,景德镇市,360200,360000,0.0
4694,昌江区,360202,360200,0.0
4695,珠山区,360203,360200,0.0
4696,浮梁县,360222,360200,0.0
4697,乐平市,360281,360200,0.0
4698,萍乡市,360300,360000,0.0
4699,安源区,360302,360300,0.0
4700,湘东区,360313,360300,0.0
4701,莲花县,360321,360300,0.0
4702,上栗县,360322,360300,0.0
4703,芦溪县,360323,360300,0.0
4704,九江市,360400,360000,0.0
4705,庐山区,360402,360400,0.0
4706,浔阳区,360403,360400,0.0
4707,九江县,360421,360400,0.0
4708,武宁县,360423,360400,0.0
4709,修水县,360424,360400,0.0
4710,永修县,360425,360400,0.0
4711,德安县,360426,360400,0.0
4712,星子县,360427,360400,0.0
4713,都昌县,360428,360400,0.0
4714,湖口县,360429,360400,0.0
4715,彭泽县,360430,360400,0.0
4716,瑞昌市,360481,360400,0.0
4717,新余市,360500,360000,0.0
4718,渝水区,360502,360500,0.0
4719,分宜县,360521,360500,0.0
4720,鹰潭市,360600,360000,1.0
4721,月湖区,360602,360600,0.0
4722,余江县,360622,360600,0.0
4723,贵溪市,360681,360600,0.0
4724,赣州市,360700,360000,0.0
4725,章贡区,360702,360700,0.0
4726,赣县,360721,360700,0.0
4727,信丰县,360722,360700,0.0
4728,大余县,360723,360700,0.0
4729,上犹县,360724,360700,0.0
4730,崇义县,360725,360700,0.0
4731,安远县,360726,360700,0.0
4732,龙南县,360727,360700,0.0
4733,定南县,360728,360700,0.0
4734,全南县,360729,360700,0.0
4735,宁都县,360730,360700,0.0
4736,于都县,360731,360700,0.0
4737,兴国县,360732,360700,0.0
4738,会昌县,360733,360700,0.0
4739,寻乌县,360734,360700,0.0
4740,石城县,360735,360700,0.0
4741,瑞金市,360781,360700,0.0
4742,南康市,360782,360700,0.0
4743,吉安市,360800,360000,0.0
4744,吉州区,360802,360800,0.0
4745,青原区,360803,360800,0.0
4746,吉安县,360821,360800,0.0
4747,吉水县,360822,360800,0.0
4748,峡江县,360823,360800,0.0
4749,新干县,360824,360800,0.0
4750,永丰县,360825,360800,0.0
4751,泰和县,360826,360800,0.0
4752,遂川县,360827,360800,0.0
4753,万安县,360828,360800,0.0
4754,安福县,360829,360800,0.0
4755,永新县,360830,360800,0.0
4756,井冈山市,360881,360800,0.0
4757,宜春市,360900,360000,0.0
4758,袁州区,360902,360900,0.0
4759,奉新县,360921,360900,0.0
4760,万载县,360922,360900,0.0
4761,上高县,360923,360900,0.0
4762,宜丰县,360924,360900,0.0
4763,靖安县,360925,360900,0.0
4764,铜鼓县,360926,360900,0.0
4765,丰城市,360981,360900,0.0
4766,樟树市,360982,360900,0.0
4767,高安市,360983,360900,0.0
4768,抚州市,361000,360000,0.0
4769,临川区,361002,361000,0.0
4770,南城县,361021,361000,0.0
4771,黎川县,361022,361000,0.0
4772,南丰县,361023,361000,0.0
4773,崇仁县,361024,361000,0.0
4774,乐安县,361025,361000,0.0
4775,宜黄县,361026,361000,0.0
4776,金溪县,361027,361000,0.0
4777,资溪县,361028,361000,0.0
4778,东乡县,361029,361000,0.0
4779,广昌县,361030,361000,0.0
4780,上饶市,361100,360000,0.0
4781,信州区,361102,361100,0.0
4782,上饶县,361121,361100,0.0
4783,广丰县,361122,361100,0.0
4784,玉山县,361123,361100,0.0
4785,铅山县,361124,361100,0.0
4786,横峰县,361125,361100,0.0
4787,弋阳县,361126,361100,0.0
4788,余干县,361127,361100,0.0
4789,波阳县,361128,361100,0.0
4790,万年县,361129,361100,0.0
4791,婺源县,361130,361100,0.0
4792,德兴市,361181,361100,0.0
4793,山东省,370000,000000,918.0
4794,济南市,370100,370000,51.0
4795,历下区,370102,370100,0.0
4796,市中区,370103,370100,0.0
4797,槐荫区,370104,370100,0.0
4798,天桥区,370105,370100,0.0
4799,历城区,370112,370100,0.0
4800,长清区,370113,370100,0.0
4801,平阴县,370124,370100,0.0
4802,济阳县,370125,370100,0.0
4803,商河县,370126,370100,0.0
4804,章丘市,370181,370100,0.0
4805,青岛市,370200,370000,229.0
4806,市南区,370202,370200,0.0
4807,市北区,370203,370200,0.0
4808,四方区,370205,370200,0.0
4809,黄岛区,370211,370200,0.0
4810,崂山区,370212,370200,0.0
4811,李沧区,370213,370200,0.0
4812,城阳区,370214,370200,0.0
4813,胶州市,370281,370200,0.0
4814,即墨市,370282,370200,0.0
4815,平度市,370283,370200,25.0
4816,胶南市,370284,370200,1.0
4817,莱西市,370285,370200,0.0
4818,淄博市,370300,370000,2.0
4819,淄川区,370302,370300,0.0
4820,张店区,370303,370300,0.0
4821,博山区,370304,370300,0.0
4822,临淄区,370305,370300,0.0
4823,周村区,370306,370300,0.0
4824,桓台县,370321,370300,0.0
4825,高青县,370322,370300,0.0
4826,沂源县,370323,370300,0.0
4827,枣庄市,370400,370000,107.0
4828,市中区,370402,370400,0.0
4829,薛城区,370403,370400,0.0
4830,峄城区,370404,370400,0.0
4831,台儿庄区,370405,370400,3.0
4832,山亭区,370406,370400,0.0
4833,滕州市,370481,370400,14.0
4834,东营市,370500,370000,0.0
4835,东营区,370502,370500,0.0
4836,河口区,370503,370500,0.0
4837,垦利县,370521,370500,0.0
4838,利津县,370522,370500,0.0
4839,广饶县,370523,370500,0.0
4840,烟台市,370600,370000,12.0
4841,芝罘区,370602,370600,0.0
4842,福山区,370611,370600,0.0
4843,牟平区,370612,370600,0.0
4844,莱山区,370613,370600,0.0
4845,长岛县,370634,370600,0.0
4846,龙口市,370681,370600,0.0
4847,莱阳市,370682,370600,7.0
4848,莱州市,370683,370600,0.0
4849,蓬莱市,370684,370600,0.0
4850,招远市,370685,370600,0.0
4851,栖霞市,370686,370600,0.0
4852,海阳市,370687,370600,1.0
4853,潍坊市,370700,370000,138.0
4854,潍城区,370702,370700,0.0
4855,寒亭区,370703,370700,0.0
4856,坊子区,370704,370700,0.0
4857,奎文区,370705,370700,0.0
4858,临朐县,370724,370700,0.0
4859,昌乐县,370725,370700,0.0
4860,青州市,370781,370700,0.0
4861,诸城市,370782,370700,0.0
4862,寿光市,370783,370700,6.0
4863,安丘市,370784,370700,4.0
4864,高密市,370785,370700,0.0
4865,昌邑市,370786,370700,31.0
4866,济宁市,370800,370000,28.0
4867,市中区,370802,370800,0.0
4868,任城区,370811,370800,0.0
4869,微山县,370826,370800,0.0
4870,鱼台县,370827,370800,0.0
4871,金乡县,370828,370800,0.0
4872,嘉祥县,370829,370800,0.0
4873,汶上县,370830,370800,1.0
4874,泗水县,370831,370800,8.0
4875,梁山县,370832,370800,0.0
4876,曲阜市,370881,370800,0.0
4877,兖州市,370882,370800,0.0
4878,邹城市,370883,370800,0.0
4879,泰安市,370900,370000,215.0
4880,泰山区,370902,370900,0.0
4881,岱岳区,370903,370900,6.0
4882,宁阳县,370921,370900,0.0
4883,东平县,370923,370900,6.0
4884,新泰市,370982,370900,2.0
4885,肥城市,370983,370900,46.0
4886,威海市,371000,370000,0.0
4887,环翠区,371002,371000,0.0
4888,文登市,371081,371000,0.0
4889,荣成市,371082,371000,0.0
4890,乳山市,371083,371000,0.0
4891,日照市,371100,370000,38.0
4892,东港区,371102,371100,0.0
4893,五莲县,371121,371100,0.0
4894,莒县,371122,371100,16.0
4895,莱芜市,371200,370000,4.0
4896,莱城区,371202,371200,2.0
4897,钢城区,371203,371200,0.0
4898,临沂市,371300,370000,41.0
4899,兰山区,371302,371300,0.0
4900,罗庄区,371311,371300,0.0
4901,河东区,371312,371300,0.0
4902,沂南县,371321,371300,0.0
4903,郯城县,371322,371300,0.0
4904,沂水县,371323,371300,6.0
4905,苍山县,371324,371300,1.0
4906,费县,371325,371300,0.0
4907,平邑县,371326,371300,1.0
4908,莒南县,371327,371300,0.0
4909,蒙阴县,371328,371300,0.0
4910,临沭县,371329,371300,0.0
4911,德州市,371400,370000,8.0
4912,德城区,371402,371400,0.0
4913,陵县,371421,371400,0.0
4914,宁津县,371422,371400,0.0
4915,庆云县,371423,371400,0.0
4916,临邑县,371424,371400,0.0
4917,齐河县,371425,371400,0.0
4918,平原县,371426,371400,0.0
4919,夏津县,371427,371400,1.0
4920,武城县,371428,371400,0.0
4921,乐陵市,371481,371400,0.0
4922,禹城市,371482,371400,0.0
4923,聊城市,371500,370000,6.0
4924,东昌府区,371502,371500,0.0
4925,阳谷县,371521,371500,0.0
4926,莘县,371522,371500,0.0
4927,茌平县,371523,371500,0.0
4928,东阿县,371524,371500,0.0
4929,冠县,371525,371500,0.0
4930,高唐县,371526,371500,0.0
4931,临清市,371581,371500,0.0
4932,滨州市,371600,370000,8.0
4933,滨城区,371602,371600,0.0
4934,惠民县,371621,371600,2.0
4935,阳信县,371622,371600,0.0
4936,无棣县,371623,371600,0.0
4937,沾化县,371624,371600,0.0
4938,博兴县,371625,371600,0.0
4939,邹平县,371626,371600,0.0
4940,菏泽市,371700,370000,3.0
4941,牡丹区,371702,371700,0.0
4942,曹县,371721,371700,0.0
4943,单县,371722,371700,0.0
4944,成武县,371723,371700,1.0
4945,巨野县,371724,371700,0.0
4946,郓城县,371725,371700,0.0
4947,鄄城县,371726,371700,0.0
4948,定陶县,371727,371700,0.0
4949,东明县,371728,371700,0.0
4950,河南省,410000,000000,70.0
4951,郑州市,410100,410000,-1.0
4952,中原区,410102,410100,0.0
4953,二七区,410103,410100,0.0
4954,管城回族区,410104,410100,0.0
4955,金水区,410105,410100,0.0
4956,上街区,410106,410100,0.0
4957,邙山区,410108,410100,0.0
4958,中牟县,410122,410100,0.0
4959,巩义市,410181,410100,0.0
4960,荥阳市,410182,410100,0.0
4961,新密市,410183,410100,0.0
4962,新郑市,410184,410100,0.0
4963,登封市,410185,410100,0.0
4964,开封市,410200,410000,35.0
4965,龙亭区,410202,410200,0.0
4966,顺河回族区,410203,410200,0.0
4967,鼓楼区,410204,410200,0.0
4968,南关区,410205,410200,0.0
4969,郊区,410211,410200,0.0
4970,杞县,410221,410200,0.0
4971,通许县,410222,410200,16.0
4972,尉氏县,410223,410200,0.0
4973,开封县,410224,410200,0.0
4974,兰考县,410225,410200,0.0
4975,洛阳市,410300,410000,0.0
4976,老城区,410302,410300,0.0
4977,西工区,410303,410300,0.0
4978,廛河回族区,410304,410300,0.0
4979,涧西区,410305,410300,0.0
4980,吉利区,410306,410300,0.0
4981,洛龙区,410307,410300,0.0
4982,孟津县,410322,410300,0.0
4983,新安县,410323,410300,0.0
4984,栾川县,410324,410300,0.0
4985,嵩县,410325,410300,0.0
4986,汝阳县,410326,410300,0.0
4987,宜阳县,410327,410300,0.0
4988,洛宁县,410328,410300,0.0
4989,伊川县,410329,410300,0.0
4990,偃师市,410381,410300,0.0
4991,平顶山市,410400,410000,2.0
4992,新华区,410402,410400,0.0
4993,卫东区,410403,410400,0.0
4994,石龙区,410404,410400,0.0
4995,湛河区,410411,410400,0.0
4996,宝丰县,410421,410400,0.0
4997,叶县,410422,410400,0.0
4998,鲁山县,410423,410400,0.0
4999,郏县,410425,410400,0.0
5000,舞钢市,410481,410400,0.0
5001,汝州市,410482,410400,0.0
5002,安阳市,410500,410000,1.0
5003,文峰区,410502,410500,0.0
5004,北关区,410503,410500,0.0
5005,铁西区,410504,410500,0.0
5006,郊区,410511,410500,0.0
5007,安阳县,410522,410500,0.0
5008,汤阴县,410523,410500,0.0
5009,滑县,410526,410500,0.0
5010,内黄县,410527,410500,0.0
5011,林州市,410581,410500,0.0
5012,鹤壁市,410600,410000,1.0
5013,鹤山区,410602,410600,0.0
5014,山城区,410603,410600,0.0
5015,淇滨区,410611,410600,0.0
5016,浚县,410621,410600,0.0
5017,淇县,410622,410600,1.0
5018,新乡市,410700,410000,3.0
5019,红旗区,410702,410700,0.0
5020,新华区,410703,410700,0.0
5021,北站区,410704,410700,0.0
5022,郊区,410711,410700,0.0
5023,新乡县,410721,410700,0.0
5024,获嘉县,410724,410700,2.0
5025,原阳县,410725,410700,0.0
5026,延津县,410726,410700,0.0
5027,封丘县,410727,410700,0.0
5028,长垣县,410728,410700,0.0
5029,卫辉市,410781,410700,0.0
5030,辉县市,410782,410700,0.0
5031,焦作市,410800,410000,-1.0
5032,解放区,410802,410800,0.0
5033,中站区,410803,410800,0.0
5034,马村区,410804,410800,0.0
5035,山阳区,410811,410800,0.0
5036,修武县,410821,410800,0.0
5037,博爱县,410822,410800,0.0
5038,武陟县,410823,410800,0.0
5039,温县,410825,410800,0.0
5040,济源市,410881,410800,0.0
5041,沁阳市,410882,410800,0.0
5042,孟州市,410883,410800,0.0
5043,濮阳市,410900,410000,0.0
5044,市区,410902,410900,0.0
5045,清丰县,410922,410900,0.0
5046,南乐县,410923,410900,0.0
5047,范县,410926,410900,0.0
5048,台前县,410927,410900,0.0
5049,濮阳县,410928,410900,0.0
5050,许昌市,411000,410000,2.0
5051,魏都区,411002,411000,1.0
5052,许昌县,411023,411000,0.0
5053,鄢陵县,411024,411000,0.0
5054,襄城县,411025,411000,1.0
5055,禹州市,411081,411000,0.0
5056,长葛市,411082,411000,0.0
5057,漯河市,411100,410000,0.0
5058,源汇区,411102,411100,0.0
5059,舞阳县,411121,411100,0.0
5060,临颍县,411122,411100,0.0
5061,郾城县,411123,411100,0.0
5062,三门峡市,411200,410000,0.0
5063,湖滨区,411202,411200,0.0
5064,渑池县,411221,411200,0.0
5065,陕县,411222,411200,0.0
5066,卢氏县,411224,411200,0.0
5067,义马市,411281,411200,0.0
5068,灵宝市,411282,411200,0.0
5069,南阳市,411300,410000,5.0
5070,宛城区,411302,411300,0.0
5071,卧龙区,411303,411300,0.0
5072,南召县,411321,411300,0.0
5073,方城县,411322,411300,0.0
5074,西峡县,411323,411300,0.0
5075,镇平县,411324,411300,0.0
5076,内乡县,411325,411300,0.0
5077,淅川县,411326,411300,0.0
5078,社旗县,411327,411300,0.0
5079,唐河县,411328,411300,0.0
5080,新野县,411329,411300,1.0
5081,桐柏县,411330,411300,0.0
5082,邓州市,411381,411300,0.0
5083,商丘市,411400,410000,15.0
5084,梁园区,411402,411400,0.0
5085,睢阳区,411403,411400,4.0
5086,民权县,411421,411400,0.0
5087,睢县,411422,411400,-1.0
5088,宁陵县,411423,411400,0.0
5089,柘城县,411424,411400,0.0
5090,虞城县,411425,411400,0.0
5091,夏邑县,411426,411400,0.0
5092,永城市,411481,411400,0.0
5093,信阳市,411500,410000,1.0
5094,师河区,411502,411500,0.0
5095,平桥区,411503,411500,0.0
5096,罗山县,411521,411500,0.0
5097,光山县,411522,411500,0.0
5098,新县,411523,411500,0.0
5099,商城县,411524,411500,0.0
5100,固始县,411525,411500,0.0
5101,潢川县,411526,411500,0.0
5102,淮滨县,411527,411500,0.0
5103,息县,411528,411500,0.0
5104,周口市,411600,410000,1.0
5105,川汇区,411602,411600,0.0
5106,扶沟县,411621,411600,0.0
5107,西华县,411622,411600,0.0
5108,商水县,411623,411600,0.0
5109,沈丘县,411624,411600,0.0
5110,郸城县,411625,411600,0.0
5111,淮阳县,411626,411600,0.0
5112,太康县,411627,411600,0.0
5113,鹿邑县,411628,411600,0.0
5114,项城市,411681,411600,0.0
5115,驻马店市,411700,410000,0.0
5116,驿城区,411702,411700,0.0
5117,西平县,411721,411700,0.0
5118,上蔡县,411722,411700,0.0
5119,平舆县,411723,411700,0.0
5120,正阳县,411724,411700,0.0
5121,确山县,411725,411700,0.0
5122,泌阳县,411726,411700,0.0
5123,汝南县,411727,411700,0.0
5124,遂平县,411728,411700,0.0
5125,新蔡县,411729,411700,0.0
5126,湖北省,420000,000000,12.0
5127,武汉市,420100,420000,-1.0
5128,江岸区,420102,420100,0.0
5129,江汉区,420103,420100,0.0
5130,乔口区,420104,420100,0.0
5131,汉阳区,420105,420100,0.0
5132,武昌区,420106,420100,0.0
5133,青山区,420107,420100,0.0
5134,洪山区,420111,420100,0.0
5135,东西湖区,420112,420100,0.0
5136,汉南区,420113,420100,0.0
5137,蔡甸区,420114,420100,0.0
5138,江夏区,420115,420100,0.0
5139,黄陂区,420116,420100,0.0
5140,新洲区,420117,420100,0.0
5141,黄石市,420200,420000,0.0
5142,黄石港区,420202,420200,0.0
5143,西塞山区,420203,420200,0.0
5144,下陆区,420204,420200,0.0
5145,铁山区,420205,420200,0.0
5146,阳新县,420222,420200,0.0
5147,大冶市,420281,420200,0.0
5148,十堰市,420300,420000,1.0
5149,茅箭区,420302,420300,0.0
5150,张湾区,420303,420300,0.0
5151,郧县,420321,420300,0.0
5152,郧西县,420322,420300,0.0
5153,竹山县,420323,420300,0.0
5154,竹溪县,420324,420300,0.0
5155,房县,420325,420300,0.0
5156,丹江口市,420381,420300,0.0
5157,宜昌市,420500,420000,0.0
5158,西陵区,420502,420500,0.0
5159,伍家岗区,420503,420500,0.0
5160,点军区,420504,420500,0.0
5161,虎亭区,420505,420500,0.0
5162,夷陵区,420506,420500,0.0
5163,远安县,420525,420500,0.0
5164,兴山县,420526,420500,0.0
5165,秭归县,420527,420500,0.0
5166,长阳土家族自治县,420528,420500,0.0
5167,五峰土家族自治县,420529,420500,0.0
5168,宜都市,420581,420500,0.0
5169,当阳市,420582,420500,0.0
5170,枝江市,420583,420500,0.0
5171,襄樊市,420600,420000,2.0
5172,襄城区,420602,420600,0.0
5173,樊城区,420606,420600,0.0
5174,襄阳区,420607,420600,1.0
5175,南漳县,420624,420600,0.0
5176,谷城县,420625,420600,0.0
5177,保康县,420626,420600,0.0
5178,老河口市,420682,420600,0.0
5179,枣阳市,420683,420600,0.0
5180,宜城市,420684,420600,0.0
5181,鄂州市,420700,420000,0.0
5182,梁子湖区,420702,420700,0.0
5183,华容区,420703,420700,0.0
5184,鄂城区,420704,420700,0.0
5185,荆门市,420800,420000,3.0
5186,东宝区,420802,420800,0.0
5187,掇刀区,420804,420800,0.0
5188,京山县,420821,420800,0.0
5189,沙洋县,420822,420800,0.0
5190,钟祥市,420881,420800,0.0
5191,孝感市,420900,420000,0.0
5192,孝南区,420902,420900,0.0
5193,孝昌县,420921,420900,0.0
5194,大悟县,420922,420900,0.0
5195,云梦县,420923,420900,0.0
5196,应城市,420981,420900,0.0
5197,安陆市,420982,420900,0.0
5198,汉川市,420984,420900,0.0
5199,荆州市,421000,420000,-1.0
5200,沙市区,421002,421000,0.0
5201,荆州区,421003,421000,0.0
5202,公安县,421022,421000,0.0
5203,监利县,421023,421000,0.0
5204,江陵县,421024,421000,0.0
5205,石首市,421081,421000,0.0
5206,洪湖市,421083,421000,0.0
5207,松滋市,421087,421000,0.0
5208,黄冈市,421100,420000,1.0
5209,黄州区,421102,421100,0.0
5210,团风县,421121,421100,0.0
5211,红安县,421122,421100,0.0
5212,罗田县,421123,421100,0.0
5213,英山县,421124,421100,0.0
5214,浠水县,421125,421100,0.0
5215,蕲春县,421126,421100,1.0
5216,黄梅县,421127,421100,0.0
5217,麻城市,421181,421100,0.0
5218,武穴市,421182,421100,0.0
5219,咸宁市,421200,420000,0.0
5220,咸安区,421202,421200,0.0
5221,嘉鱼县,421221,421200,0.0
5222,通城县,421222,421200,0.0
5223,崇阳县,421223,421200,0.0
5224,通山县,421224,421200,0.0
5225,赤壁市,421281,421200,0.0
5226,随州市,421300,420000,2.0
5227,曾都区,421302,421300,0.0
5228,广水市,421381,421300,0.0
5229,恩施土家族苗族自治州,422800,420000,1.0
5230,恩施市,422801,422800,0.0
5231,利川市,422802,422800,0.0
5232,建始县,422822,422800,0.0
5233,巴东县,422823,422800,0.0
5234,宣恩县,422825,422800,0.0
5235,咸丰县,422826,422800,0.0
5236,来凤县,422827,422800,0.0
5237,鹤峰县,422828,422800,0.0
5238,县级市区,429000,420000,0.0
5239,仙桃市,429004,429000,0.0
5240,潜江市,429005,429000,0.0
5241,天门市,429006,429000,0.0
5242,神农架林区,429021,429000,0.0
5243,湖南省,430000,000000,-1.0
5244,长沙市,430100,430000,0.0
5245,芙蓉区,430102,430100,0.0
5246,天心区,430103,430100,0.0
5247,岳麓区,430104,430100,0.0
5248,开福区,430105,430100,0.0
5249,雨花区,430111,430100,0.0
5250,长沙县,430121,430100,0.0
5251,望城县,430122,430100,0.0
5252,宁乡县,430124,430100,0.0
5253,浏阳市,430181,430100,0.0
5254,株洲市,430200,430000,0.0
5255,荷塘区,430202,430200,0.0
5256,芦淞区,430203,430200,0.0
5257,石峰区,430204,430200,0.0
5258,天元区,430211,430200,0.0
5259,株洲县,430221,430200,0.0
5260,攸县,430223,430200,0.0
5261,茶陵县,430224,430200,0.0
5262,炎陵县,430225,430200,0.0
5263,醴陵市,430281,430200,0.0
5264,湘潭市,430300,430000,1.0
5265,雨湖区,430302,430300,0.0
5266,岳塘区,430304,430300,0.0
5267,湘潭县,430321,430300,0.0
5268,湘乡市,430381,430300,0.0
5269,韶山市,430382,430300,0.0
5270,衡阳市,430400,430000,0.0
5271,珠晖区,430405,430400,0.0
5272,雁峰区,430406,430400,0.0
5273,石鼓区,430407,430400,0.0
5274,蒸湘区,430408,430400,0.0
5275,南岳区,430412,430400,0.0
5276,衡阳县,430421,430400,0.0
5277,衡南县,430422,430400,0.0
5278,衡山县,430423,430400,0.0
5279,衡东县,430424,430400,0.0
5280,祁东县,430426,430400,0.0
5281,耒阳市,430481,430400,0.0
5282,常宁市,430482,430400,0.0
5283,邵阳市,430500,430000,0.0
5284,双清区,430502,430500,0.0
5285,大祥区,430503,430500,0.0
5286,北塔区,430511,430500,0.0
5287,邵东县,430521,430500,0.0
5288,新邵县,430522,430500,0.0
5289,邵阳县,430523,430500,0.0
5290,隆回县,430524,430500,0.0
5291,洞口县,430525,430500,0.0
5292,绥宁县,430527,430500,0.0
5293,新宁县,430528,430500,0.0
5294,城步苗族自治县,430529,430500,0.0
5295,武冈市,430581,430500,0.0
5296,岳阳市,430600,430000,0.0
5297,岳阳楼区,430602,430600,0.0
5298,云溪区,430603,430600,0.0
5299,君山区,430611,430600,0.0
5300,岳阳县,430621,430600,0.0
5301,华容县,430623,430600,0.0
5302,湘阴县,430624,430600,0.0
5303,平江县,430626,430600,0.0
5304,汨罗市,430681,430600,0.0
5305,临湘市,430682,430600,0.0
5306,常德市,430700,430000,0.0
5307,武陵区,430702,430700,0.0
5308,鼎城区,430703,430700,0.0
5309,安乡县,430721,430700,0.0
5310,汉寿县,430722,430700,0.0
5311,澧县,430723,430700,0.0
5312,临澧县,430724,430700,0.0
5313,桃源县,430725,430700,0.0
5314,石门县,430726,430700,0.0
5315,津市市,430781,430700,0.0
5316,张家界市,430800,430000,0.0
5317,永定区,430802,430800,0.0
5318,武陵源区,430811,430800,0.0
5319,慈利县,430821,430800,0.0
5320,桑植县,430822,430800,0.0
5321,益阳市,430900,430000,0.0
5322,资阳区,430902,430900,0.0
5323,赫山区,430903,430900,0.0
5324,南县,430921,430900,0.0
5325,桃江县,430922,430900,0.0
5326,安化县,430923,430900,0.0
5327,沅江市,430981,430900,0.0
5328,郴州市,431000,430000,0.0
5329,北湖区,431002,431000,0.0
5330,苏仙区,431003,431000,0.0
5331,桂阳县,431021,431000,0.0
5332,宜章县,431022,431000,0.0
5333,永兴县,431023,431000,0.0
5334,嘉禾县,431024,431000,0.0
5335,临武县,431025,431000,0.0
5336,汝城县,431026,431000,0.0
5337,桂东县,431027,431000,0.0
5338,安仁县,431028,431000,0.0
5339,资兴市,431081,431000,0.0
5340,永州市,431100,430000,0.0
5341,芝山区,431102,431100,0.0
5342,冷水滩区,431103,431100,0.0
5343,祁阳县,431121,431100,0.0
5344,东安县,431122,431100,0.0
5345,双牌县,431123,431100,0.0
5346,道县,431124,431100,0.0
5347,江永县,431125,431100,0.0
5348,宁远县,431126,431100,0.0
5349,蓝山县,431127,431100,0.0
5350,新田县,431128,431100,0.0
5351,江华瑶族自治县,431129,431100,0.0
5352,怀化市,431200,430000,0.0
5353,鹤城区,431202,431200,0.0
5354,中方县,431221,431200,0.0
5355,沅陵县,431222,431200,0.0
5356,辰溪县,431223,431200,0.0
5357,溆浦县,431224,431200,0.0
5358,会同县,431225,431200,0.0
5359,麻阳苗族自治县,431226,431200,0.0
5360,新晃侗族自治县,431227,431200,0.0
5361,芷江侗族自治县,431228,431200,0.0
5362,靖州苗族侗族自治县,431229,431200,0.0
5363,通道侗族自治县,431230,431200,0.0
5364,洪江市,431281,431200,0.0
5365,娄底市,431300,430000,0.0
5366,娄星区,431302,431300,0.0
5367,双峰县,431321,431300,0.0
5368,新化县,431322,431300,0.0
5369,冷水江市,431381,431300,0.0
5370,涟源市,431382,431300,0.0
5371,湘西土家族苗族自治州,433100,430000,0.0
5372,吉首市,433101,433100,0.0
5373,泸溪县,433122,433100,0.0
5374,凤凰县,433123,433100,0.0
5375,花垣县,433124,433100,0.0
5376,保靖县,433125,433100,0.0
5377,古丈县,433126,433100,0.0
5378,永顺县,433127,433100,0.0
5379,龙山县,433130,433100,0.0
5380,广东省,440000,000000,16.0
5381,广州市,440100,440000,5.0
5382,东山区,440102,440100,0.0
5383,荔湾区,440103,440100,0.0
5384,越秀区,440104,440100,0.0
5385,海珠区,440105,440100,0.0
5386,天河区,440106,440100,0.0
5387,芳村区,440107,440100,0.0
5388,白云区,440111,440100,0.0
5389,黄埔区,440112,440100,0.0
5390,番禺区,440113,440100,0.0
5391,花都区,440114,440100,0.0
5392,增城市,440183,440100,0.0
5393,从化市,440184,440100,0.0
5394,韶关市,440200,440000,0.0
5395,北江区,440202,440200,0.0
5396,武江区,440203,440200,0.0
5397,浈江区,440204,440200,0.0
5398,曲江县,440221,440200,0.0
5399,始兴县,440222,440200,0.0
5400,仁化县,440224,440200,0.0
5401,翁源县,440229,440200,0.0
5402,乳源瑶族自治县,440232,440200,0.0
5403,新丰县,440233,440200,0.0
5404,乐昌市,440281,440200,0.0
5405,南雄市,440282,440200,0.0
5406,深圳市,440300,440000,3.0
5407,罗湖区,440303,440300,0.0
5408,福田区,440304,440300,0.0
5409,南山区,440305,440300,0.0
5410,宝安区,440306,440300,0.0
5411,龙岗区,440307,440300,0.0
5412,盐田区,440308,440300,0.0
5413,珠海市,440400,440000,2.0
5414,香洲区,440402,440400,0.0
5415,斗门区,440403,440400,0.0
5416,金湾区,440404,440400,0.0
5417,汕头市,440500,440000,-1.0
5418,达濠区,440506,440500,0.0
5419,龙湖区,440507,440500,0.0
5420,金园区,440508,440500,0.0
5421,升平区,440509,440500,0.0
5422,河浦区,440510,440500,0.0
5423,南澳县,440523,440500,0.0
5424,潮阳市,440582,440500,0.0
5425,澄海区,440583,440500,0.0
5426,佛山市,440600,440000,0.0
5427,城区,440602,440600,0.0
5428,石湾区,440603,440600,0.0
5429,顺德市,440681,440600,0.0
5430,南海市,440682,440600,0.0
5431,三水市,440683,440600,0.0
5432,高明市,440684,440600,0.0
5433,江门市,440700,440000,2.0
5434,蓬江区,440703,440700,0.0
5435,江海区,440704,440700,0.0
5436,台山市,440781,440700,0.0
5437,新会市,440782,440700,0.0
5438,开平市,440783,440700,0.0
5439,鹤山市,440784,440700,0.0
5440,恩平市,440785,440700,0.0
5441,湛江市,440800,440000,0.0
5442,赤坎区,440802,440800,0.0
5443,霞山区,440803,440800,0.0
5444,坡头区,440804,440800,0.0
5445,麻章区,440811,440800,0.0
5446,遂溪县,440823,440800,0.0
5447,徐闻县,440825,440800,0.0
5448,廉江市,440881,440800,0.0
5449,雷州市,440882,440800,0.0
5450,吴川市,440883,440800,0.0
5451,茂名市,440900,440000,-1.0
5452,茂南区,440902,440900,0.0
5453,茂港区,440903,440900,0.0
5454,电白县,440923,440900,0.0
5455,高州市,440981,440900,0.0
5456,化州市,440982,440900,0.0
5457,信宜市,440983,440900,0.0
5458,肇庆市,441200,440000,0.0
5459,端州区,441202,441200,0.0
5460,鼎湖区,441203,441200,0.0
5461,广宁县,441223,441200,0.0
5462,怀集县,441224,441200,0.0
5463,封开县,441225,441200,0.0
5464,德庆县,441226,441200,0.0
5465,高要市,441283,441200,0.0
5466,四会市,441284,441200,0.0
5467,惠州市,441300,440000,0.0
5468,惠城区,441302,441300,0.0
5469,博罗县,441322,441300,0.0
5470,惠东县,441323,441300,0.0
5471,龙门县,441324,441300,0.0
5472,惠阳市,441381,441300,0.0
5473,梅州市,441400,440000,0.0
5474,梅江区,441402,441400,0.0
5475,梅县,441421,441400,0.0
5476,大埔县,441422,441400,0.0
5477,丰顺县,441423,441400,0.0
5478,五华县,441424,441400,0.0
5479,平远县,441426,441400,0.0
5480,蕉岭县,441427,441400,0.0
5481,兴宁市,441481,441400,0.0
5482,汕尾市,441500,440000,0.0
5483,城区,441502,441500,0.0
5484,海丰县,441521,441500,0.0
5485,陆河县,441523,441500,0.0
5486,陆丰市,441581,441500,0.0
5487,河源市,441600,440000,0.0
5488,源城区,441602,441600,0.0
5489,紫金县,441621,441600,0.0
5490,龙川县,441622,441600,0.0
5491,连平县,441623,441600,0.0
5492,和平县,441624,441600,0.0
5493,东源县,441625,441600,0.0
5494,阳江市,441700,440000,1.0
5495,江城区,441702,441700,0.0
5496,阳西县,441721,441700,0.0
5497,阳东县,441723,441700,0.0
5498,阳春市,441781,441700,0.0
5499,清远市,441800,440000,0.0
5500,清城区,441802,441800,0.0
5501,佛冈县,441821,441800,0.0
5502,阳山县,441823,441800,0.0
5503,连山壮族瑶族自治县,441825,441800,0.0
5504,连南瑶族自治县,441826,441800,0.0
5505,清新县,441827,441800,0.0
5506,英德市,441881,441800,0.0
5507,连州市,441882,441800,0.0
5508,东莞市,441900,440000,-1.0
5509,中山市,442000,440000,0.0
5510,潮州市,445100,440000,0.0
5511,湘桥区,445102,445100,0.0
5512,潮安县,445121,445100,0.0
5513,饶平县,445122,445100,0.0
5514,揭阳市,445200,440000,0.0
5515,榕城区,445202,445200,0.0
5516,揭东县,445221,445200,0.0
5517,揭西县,445222,445200,0.0
5518,惠来县,445224,445200,0.0
5519,普宁市,445281,445200,0.0
5520,云浮市,445300,440000,0.0
5521,云城区,445302,445300,0.0
5522,新兴县,445321,445300,0.0
5523,郁南县,445322,445300,0.0
5524,云安县,445323,445300,0.0
5525,罗定市,445381,445300,0.0
5526,广西,450000,000000,8.0
5527,南宁市,450100,450000,-1.0
5528,兴宁区,450102,450100,0.0
5529,新城区,450103,450100,0.0
5530,城北区,450104,450100,0.0
5531,江南区,450105,450100,0.0
5532,永新区,450106,450100,0.0
5533,邕宁县,450121,450100,0.0
5534,武鸣县,450122,450100,0.0
5535,柳州市,450200,450000,1.0
5536,城中区,450202,450200,0.0
5537,鱼峰区,450203,450200,0.0
5538,柳南区,450204,450200,0.0
5539,柳北区,450205,450200,0.0
5540,市郊区,450211,450200,0.0
5541,柳江县,450221,450200,0.0
5542,柳城县,450222,450200,0.0
5543,桂林市,450300,450000,0.0
5544,秀峰区,450302,450300,0.0
5545,叠彩区,450303,450300,0.0
5546,象山区,450304,450300,0.0
5547,七星区,450305,450300,0.0
5548,雁山区,450311,450300,0.0
5549,阳朔县,450321,450300,0.0
5550,临桂县,450322,450300,0.0
5551,灵川县,450323,450300,0.0
5552,全州县,450324,450300,0.0
5553,兴安县,450325,450300,0.0
5554,永福县,450326,450300,0.0
5555,灌阳县,450327,450300,0.0
5556,龙胜各族自治县,450328,450300,0.0
5557,资源县,450329,450300,0.0
5558,平乐县,450330,450300,0.0
5559,荔蒲县,450331,450300,0.0
5560,恭城瑶族自治县,450332,450300,0.0
5561,梧州市,450400,450000,0.0
5562,万秀区,450403,450400,0.0
5563,蝶山区,450404,450400,0.0
5564,市郊区,450411,450400,0.0
5565,苍梧县,450421,450400,0.0
5566,藤县,450422,450400,0.0
5567,蒙山县,450423,450400,0.0
5568,岑溪市,450481,450400,0.0
5569,北海市,450500,450000,0.0
5570,海城区,450502,450500,0.0
5571,银海区,450503,450500,0.0
5572,铁山港区,450512,450500,0.0
5573,合浦县,450521,450500,0.0
5574,防城港市,450600,450000,0.0
5575,港口区,450602,450600,0.0
5576,防城区,450603,450600,0.0
5577,上思县,450621,450600,0.0
5578,东兴市,450681,450600,0.0
5579,钦州市,450700,450000,0.0
5580,钦南区,450702,450700,0.0
5581,钦北区,450703,450700,0.0
5582,浦北县,450721,450700,0.0
5583,灵山县,450722,450700,0.0
5584,贵港市,450800,450000,0.0
5585,港北区,450802,450800,0.0
5586,港南区,450803,450800,0.0
5587,平南县,450821,450800,0.0
5588,桂平市,450881,450800,0.0
5589,玉林市,450900,450000,1.0
5590,玉州区,450902,450900,0.0
5591,容县,450921,450900,0.0
5592,陆川县,450922,450900,0.0
5593,博白县,450923,450900,0.0
5594,兴业县,450924,450900,0.0
5595,北流市,450981,450900,0.0
5596,南宁地区,452100,450000,0.0
5597,凭祥市,452101,452100,0.0
5598,横县,452122,452100,0.0
5599,宾阳县,452123,452100,0.0
5600,上林县,452124,452100,0.0
5601,隆安县,452126,452100,0.0
5602,马山县,452127,452100,0.0
5603,扶绥县,452128,452100,0.0
5604,崇左县,452129,452100,0.0
5605,大新县,452130,452100,0.0
5606,天等县,452131,452100,0.0
5607,宁明县,452132,452100,0.0
5608,龙州县,452133,452100,0.0
5609,柳州地区,452200,450000,1.0
5610,合山市,452201,452200,0.0
5611,鹿寨县,452223,452200,0.0
5612,象州县,452224,452200,1.0
5613,武宣县,452225,452200,0.0
5614,来宾县,452226,452200,0.0
5615,融安县,452227,452200,0.0
5616,三江侗族自治县,452228,452200,0.0
5617,融水苗族自治县,452229,452200,0.0
5618,金秀瑶族自治县,452230,452200,0.0
5619,忻城县,452231,452200,0.0
5620,贺州地区,452400,450000,2.0
5621,贺州市,452402,452400,0.0
5622,昭平县,452424,452400,0.0
5623,钟山县,452427,452400,0.0
5624,富川瑶族自治县,452428,452400,0.0
5625,百色地区,452600,450000,1.0
5626,百色市,452601,452600,1.0
5627,田阳县,452622,452600,0.0
5628,田东县,452623,452600,0.0
5629,平果县,452624,452600,0.0
5630,德保县,452625,452600,0.0
5631,靖西县,452626,452600,0.0
5632,那坡县,452627,452600,0.0
5633,凌云县,452628,452600,0.0
5634,乐业县,452629,452600,0.0
5635,田林县,452630,452600,0.0
5636,隆林各族自治县,452631,452600,0.0
5637,西林县,452632,452600,0.0
5638,河池地区,452700,450000,0.0
5639,河池市,452701,452700,0.0
5640,宜州市,452702,452700,0.0
5641,罗城仫佬族自治县,452723,452700,0.0
5642,环江毛南族自治县,452724,452700,0.0
5643,南丹县,452725,452700,0.0
5644,天峨县,452726,452700,0.0
5645,凤山县,452727,452700,0.0
5646,东兰县,452728,452700,0.0
5647,巴马瑶族自治县,452729,452700,0.0
5648,都安瑶族自治县,452730,452700,0.0
5649,大化瑶族自治县,452731,452700,0.0
5650,海南省,460000,000000,0.0
5651,海口市,460100,460000,0.0
5652,振东区,460102,460100,0.0
5653,新华区,460103,460100,0.0
5654,秀英区,460104,460100,0.0
5655,三亚市,460200,460000,0.0
5656,直属市县岛屿,469000,460000,0.0
5657,通什市,469001,469000,0.0
5658,琼海市,469002,469000,0.0
5659,儋州市,469003,469000,0.0
5660,琼山市,469004,469000,0.0
5661,文昌市,469005,469000,0.0
5662,万宁市,469006,469000,0.0
5663,东方市,469007,469000,0.0
5664,定安县,469025,469000,0.0
5665,屯昌县,469026,469000,0.0
5666,澄迈县,469027,469000,0.0
5667,临高县,469028,469000,0.0
5668,白沙黎族自治县,469030,469000,0.0
5669,昌江黎族自治县,469031,469000,0.0
5670,乐东黎族自治县,469033,469000,0.0
5671,陵水黎族自治县,469034,469000,0.0
5672,保亭黎族苗族自治县,469035,469000,0.0
5673,琼中黎族苗族自治县,469036,469000,0.0
5674,西沙群岛,469037,469000,0.0
5675,南沙群岛,469038,469000,0.0
5676,中沙群岛的岛礁及其海域,469039,469000,0.0
5677,重庆市,500000,000000,9.0
5678,市辖区,500100,500000,2.0
5679,万州区,500101,500100,0.0
5680,涪陵区,500102,500100,0.0
5681,渝中区,500103,500100,0.0
5682,大渡口区,500104,500100,0.0
5683,江北区,500105,500100,1.0
5684,沙坪坝区,500106,500100,0.0
5685,九龙坡区,500107,500100,0.0
5686,南岸区,500108,500100,0.0
5687,北碚区,500109,500100,0.0
5688,万盛区,500110,500100,0.0
5689,双桥区,500111,500100,0.0
5690,渝北区,500112,500100,0.0
5691,巴南区,500113,500100,0.0
5692,黔江区,500114,500100,0.0
5693,长寿区,500115,500100,0.0
5694,市辖县,500200,500000,5.0
5695,綦江县,500222,500200,0.0
5696,潼南县,500223,500200,0.0
5697,铜梁县,500224,500200,0.0
5698,大足县,500225,500200,0.0
5699,荣昌县,500226,500200,0.0
5700,璧山县,500227,500200,0.0
5701,梁平县,500228,500200,0.0
5702,城口县,500229,500200,0.0
5703,丰都县,500230,500200,0.0
5704,垫江县,500231,500200,0.0
5705,武隆县,500232,500200,0.0
5706,忠县,500233,500200,0.0
5707,开县,500234,500200,0.0
5708,云阳县,500235,500200,0.0
5709,奉节县,500236,500200,0.0
5710,巫山县,500237,500200,0.0
5711,巫溪县,500238,500200,0.0
5712,石柱土家族自治县,500240,500200,0.0
5713,秀山土家族苗族自治县,500241,500200,1.0
5714,酉阳土家族苗族自治县,500242,500200,0.0
5715,彭水苗族土家族自治县,500243,500200,0.0
5716,县级市,500300,500000,2.0
5717,江津市,500381,500300,0.0
5718,合川市,500382,500300,0.0
5719,永川市,500383,500300,0.0
5720,南川市,500384,500300,0.0
5721,四川省,510000,000000,12.0
5722,成都市,510100,510000,10.0
5723,锦江区,510104,510100,0.0
5724,青羊区,510105,510100,0.0
5725,金牛区,510106,510100,0.0
5726,武侯区,510107,510100,0.0
5727,成华区,510108,510100,6.0
5728,龙泉驿区,510112,510100,0.0
5729,青白江区,510113,510100,0.0
5730,新都区,510114,510100,0.0
5731,金堂县,510121,510100,0.0
5732,双流县,510122,510100,0.0
5733,温江县,510123,510100,0.0
5734,郫县,510124,510100,0.0
5735,大邑县,510129,510100,0.0
5736,蒲江县,510131,510100,0.0
5737,新津县,510132,510100,0.0
5738,都江堰市,510181,510100,0.0
5739,彭州市,510182,510100,0.0
5740,邛崃市,510183,510100,0.0
5741,崇州市,510184,510100,0.0
5742,自贡市,510300,510000,1.0
5743,自流井区,510302,510300,0.0
5744,贡井区,510303,510300,0.0
5745,大安区,510304,510300,0.0
5746,沿滩区,510311,510300,0.0
5747,荣县,510321,510300,0.0
5748,富顺县,510322,510300,0.0
5749,攀枝花市,510400,510000,0.0
5750,东区,510402,510400,0.0
5751,西区,510403,510400,0.0
5752,仁和区,510411,510400,0.0
5753,米易县,510421,510400,0.0
5754,盐边县,510422,510400,0.0
5755,泸州市,510500,510000,0.0
5756,江阳区,510502,510500,0.0
5757,纳溪区,510503,510500,0.0
5758,龙马潭区,510504,510500,0.0
5759,泸县,510521,510500,0.0
5760,合江县,510522,510500,0.0
5761,叙永县,510524,510500,0.0
5762,古蔺县,510525,510500,0.0
5763,德阳市,510600,510000,0.0
5764,旌阳区,510603,510600,0.0
5765,中江县,510623,510600,0.0
5766,罗江县,510626,510600,0.0
5767,广汉市,510681,510600,0.0
5768,什邡市,510682,510600,0.0
5769,绵竹市,510683,510600,0.0
5770,绵阳市,510700,510000,0.0
5771,涪城区,510703,510700,0.0
5772,游仙区,510704,510700,0.0
5773,三台县,510722,510700,0.0
5774,盐亭县,510723,510700,0.0
5775,安县,510724,510700,0.0
5776,梓潼县,510725,510700,0.0
5777,北川县,510726,510700,0.0
5778,平武县,510727,510700,0.0
5779,江油市,510781,510700,0.0
5780,广元市,510800,510000,0.0
5781,市中区,510802,510800,0.0
5782,元坝区,510811,510800,0.0
5783,朝天区,510812,510800,0.0
5784,旺苍县,510821,510800,0.0
5785,青川县,510822,510800,0.0
5786,剑阁县,510823,510800,0.0
5787,苍溪县,510824,510800,0.0
5788,遂宁市,510900,510000,0.0
5789,市中区,510902,510900,0.0
5790,蓬溪县,510921,510900,0.0
5791,射洪县,510922,510900,0.0
5792,大英县,510923,510900,0.0
5793,内江市,511000,510000,0.0
5794,市中区,511002,511000,0.0
5795,东兴区,511011,511000,0.0
5796,威远县,511024,511000,0.0
5797,资中县,511025,511000,0.0
5798,隆昌县,511028,511000,0.0
5799,乐山市,511100,510000,0.0
5800,市中区,511102,511100,0.0
5801,沙湾区,511111,511100,0.0
5802,五通桥区,511112,511100,0.0
5803,金口河区,511113,511100,0.0
5804,犍为县,511123,511100,0.0
5805,井研县,511124,511100,0.0
5806,夹江县,511126,511100,0.0
5807,沐川县,511129,511100,0.0
5808,峨边彝族自治县,511132,511100,0.0
5809,马边彝族自治县,511133,511100,0.0
5810,峨眉山市,511181,511100,0.0
5811,南充市,511300,510000,0.0
5812,顺庆区,511302,511300,0.0
5813,高坪区,511303,511300,0.0
5814,嘉陵区,511304,511300,0.0
5815,南部县,511321,511300,0.0
5816,营山县,511322,511300,0.0
5817,蓬安县,511323,511300,0.0
5818,仪陇县,511324,511300,0.0
5819,西充县,511325,511300,0.0
5820,阆中市,511381,511300,0.0
5821,眉山市,511400,510000,0.0
5822,东坡区,511402,511400,0.0
5823,仁寿县,511421,511400,0.0
5824,彭山县,511422,511400,0.0
5825,洪雅县,511423,511400,0.0
5826,丹棱县,511424,511400,0.0
5827,青神县,511425,511400,0.0
5828,宜宾市,511500,510000,0.0
5829,翠屏区,511502,511500,0.0
5830,宜宾县,511521,511500,0.0
5831,南溪县,511522,511500,0.0
5832,江安县,511523,511500,0.0
5833,长宁县,511524,511500,0.0
5834,高县,511525,511500,0.0
5835,珙县,511526,511500,0.0
5836,筠连县,511527,511500,0.0
5837,兴文县,511528,511500,0.0
5838,屏山县,511529,511500,0.0
5839,广安市,511600,510000,0.0
5840,广安区,511602,511600,0.0
5841,岳池县,511621,511600,0.0
5842,武胜县,511622,511600,0.0
5843,邻水县,511623,511600,0.0
5844,华莹市,511681,511600,0.0
5845,达州市,511700,510000,0.0
5846,通川区,511702,511700,0.0
5847,达县,511721,511700,0.0
5848,宣汉县,511722,511700,0.0
5849,开江县,511723,511700,0.0
5850,大竹县,511724,511700,0.0
5851,渠县,511725,511700,0.0
5852,万源市,511781,511700,0.0
5853,雅安市,511800,510000,0.0
5854,雨城区,511802,511800,0.0
5855,名山县,511821,511800,0.0
5856,荥经县,511822,511800,0.0
5857,汉源县,511823,511800,0.0
5858,石棉县,511824,511800,0.0
5859,天全县,511825,511800,0.0
5860,芦山县,511826,511800,0.0
5861,宝兴县,511827,511800,0.0
5862,巴中市,511900,510000,0.0
5863,巴州区,511902,511900,0.0
5864,通江县,511921,511900,0.0
5865,南江县,511922,511900,0.0
5866,平昌县,511923,511900,0.0
5867,资阳市,512000,510000,0.0
5868,雁江区,512002,512000,0.0
5869,安岳县,512021,512000,0.0
5870,乐至县,512022,512000,0.0
5871,简阳市,512081,512000,0.0
5872,阿坝藏族羌族自治州,513200,510000,1.0
5873,汶川县,513221,513200,0.0
5874,理县,513222,513200,0.0
5875,茂县,513223,513200,0.0
5876,松潘县,513224,513200,0.0
5877,九寨沟县,513225,513200,0.0
5878,金川县,513226,513200,0.0
5879,小金县,513227,513200,0.0
5880,黑水县,513228,513200,0.0
5881,马尔康县,513229,513200,0.0
5882,壤塘县,513230,513200,0.0
5883,阿坝县,513231,513200,0.0
5884,若尔盖县,513232,513200,0.0
5885,红原县,513233,513200,0.0
5886,甘孜藏族自治州,513300,510000,0.0
5887,康定县,513321,513300,0.0
5888,泸定县,513322,513300,0.0
5889,丹巴县,513323,513300,0.0
5890,九龙县,513324,513300,0.0
5891,雅江县,513325,513300,0.0
5892,道孚县,513326,513300,0.0
5893,炉霍县,513327,513300,0.0
5894,甘孜县,513328,513300,0.0
5895,新龙县,513329,513300,0.0
5896,德格县,513330,513300,0.0
5897,白玉县,513331,513300,0.0
5898,石渠县,513332,513300,0.0
5899,色达县,513333,513300,0.0
5900,理塘县,513334,513300,0.0
5901,巴塘县,513335,513300,0.0
5902,乡城县,513336,513300,0.0
5903,稻城县,513337,513300,0.0
5904,得荣县,513338,513300,0.0
5905,凉山彝族自治州,513400,510000,0.0
5906,西昌市,513401,513400,0.0
5907,木里藏族自治县,513422,513400,0.0
5908,盐源县,513423,513400,0.0
5909,德昌县,513424,513400,0.0
5910,会理县,513425,513400,0.0
5911,会东县,513426,513400,0.0
5912,宁南县,513427,513400,0.0
5913,普格县,513428,513400,0.0
5914,布拖县,513429,513400,0.0
5915,金阳县,513430,513400,0.0
5916,昭觉县,513431,513400,0.0
5917,喜德县,513432,513400,0.0
5918,冕宁县,513433,513400,0.0
5919,越西县,513434,513400,0.0
5920,甘洛县,513435,513400,0.0
5921,美姑县,513436,513400,0.0
5922,雷波县,513437,513400,0.0
5923,贵州省,520000,000000,27.0
5924,贵阳市,520100,520000,-1.0
5925,南明区,520102,520100,0.0
5926,云岩区,520103,520100,0.0
5927,花溪区,520111,520100,0.0
5928,乌当区,520112,520100,0.0
5929,白云区,520113,520100,0.0
5930,小河区,520114,520100,0.0
5931,开阳县,520121,520100,0.0
5932,息烽县,520122,520100,0.0
5933,修文县,520123,520100,0.0
5934,清镇市,520181,520100,0.0
5935,六盘水市,520200,520000,0.0
5936,钟山区,520201,520200,0.0
5937,六枝特区,520203,520200,0.0
5938,水城县,520221,520200,0.0
5939,盘县,520222,520200,0.0
5940,遵义市,520300,520000,0.0
5941,红花岗区,520302,520300,0.0
5942,遵义县,520321,520300,0.0
5943,桐梓县,520322,520300,0.0
5944,绥阳县,520323,520300,0.0
5945,正安县,520324,520300,0.0
5946,道真仡佬族苗族自治县,520325,520300,0.0
5947,务川仡佬族苗族自治县,520326,520300,0.0
5948,凤冈县,520327,520300,0.0
5949,湄潭县,520328,520300,0.0
5950,余庆县,520329,520300,0.0
5951,习水县,520330,520300,0.0
5952,赤水市,520381,520300,0.0
5953,仁怀市,520382,520300,0.0
5954,安顺市,520400,520000,1.0
5955,西秀区,520402,520400,0.0
5956,平坝县,520421,520400,0.0
5957,普定县,520422,520400,0.0
5958,镇宁布依族苗族自治县,520423,520400,0.0
5959,关岭布依族苗族自治县,520424,520400,0.0
5960,紫云苗族布依族自治县,520425,520400,0.0
5961,铜仁地区,522200,520000,0.0
5962,铜仁市,522201,522200,0.0
5963,江口县,522222,522200,0.0
5964,玉屏侗族自治县,522223,522200,0.0
5965,石阡县,522224,522200,0.0
5966,思南县,522225,522200,0.0
5967,印江土家族苗族自治县,522226,522200,0.0
5968,德江县,522227,522200,0.0
5969,沿河土家族自治县,522228,522200,0.0
5970,松桃苗族自治县,522229,522200,0.0
5971,万山特区,522230,522200,0.0
5972,黔西南布依族苗族自治州,522300,520000,0.0
5973,兴义市,522301,522300,0.0
5974,兴仁县,522322,522300,0.0
5975,普安县,522323,522300,0.0
5976,晴隆县,522324,522300,0.0
5977,贞丰县,522325,522300,0.0
5978,望谟县,522326,522300,0.0
5979,册亨县,522327,522300,0.0
5980,安龙县,522328,522300,0.0
5981,毕节地区,522400,520000,25.0
5982,毕节市,522401,522400,0.0
5983,大方县,522422,522400,0.0
5984,黔西县,522423,522400,0.0
5985,金沙县,522424,522400,0.0
5986,织金县,522425,522400,0.0
5987,纳雍县,522426,522400,0.0
5988,威宁彝族回族苗族自治县,522427,522400,0.0
5989,赫章县,522428,522400,1.0
5990,黔东南苗族侗族自治州,522600,520000,0.0
5991,凯里市,522601,522600,0.0
5992,黄平县,522622,522600,0.0
5993,施秉县,522623,522600,0.0
5994,三穗县,522624,522600,0.0
5995,镇远县,522625,522600,0.0
5996,岑巩县,522626,522600,0.0
5997,天柱县,522627,522600,0.0
5998,锦屏县,522628,522600,0.0
5999,剑河县,522629,522600,0.0
6000,台江县,522630,522600,0.0
6001,黎平县,522631,522600,0.0
6002,榕江县,522632,522600,0.0
6003,从江县,522633,522600,0.0
6004,雷山县,522634,522600,0.0
6005,麻江县,522635,522600,0.0
6006,丹寨县,522636,522600,0.0
6007,黔南布依族苗族自治州,522700,520000,0.0
6008,都匀市,522701,522700,0.0
6009,福泉市,522702,522700,0.0
6010,荔波县,522722,522700,0.0
6011,贵定县,522723,522700,0.0
6012,瓮安县,522725,522700,0.0
6013,独山县,522726,522700,0.0
6014,平塘县,522727,522700,0.0
6015,罗甸县,522728,522700,0.0
6016,长顺县,522729,522700,0.0
6017,龙里县,522730,522700,0.0
6018,惠水县,522731,522700,0.0
6019,三都水族自治县,522732,522700,0.0
6020,云南省,530000,000000,18.0
6021,昆明市,530100,530000,8.0
6022,五华区,530102,530100,0.0
6023,盘龙区,530103,530100,0.0
6024,官渡区,530111,530100,0.0
6025,西山区,530112,530100,0.0
6026,东川区,530113,530100,0.0
6027,呈贡县,530121,530100,0.0
6028,晋宁县,530122,530100,0.0
6029,富民县,530124,530100,0.0
6030,宜良县,530125,530100,0.0
6031,石林彝族自治县,530126,530100,0.0
6032,嵩明县,530127,530100,0.0
6033,禄劝彝族苗族自治县,530128,530100,1.0
6034,寻甸回族彝族自治县,530129,530100,0.0
6035,安宁市,530181,530100,0.0
6036,曲靖市,530300,530000,3.0
6037,麒麟区,530302,530300,0.0
6038,马龙县,530321,530300,0.0
6039,陆良县,530322,530300,0.0
6040,师宗县,530323,530300,0.0
6041,罗平县,530324,530300,0.0
6042,富源县,530325,530300,0.0
6043,会泽县,530326,530300,0.0
6044,沾益县,530328,530300,0.0
6045,宣威市,530381,530300,1.0
6046,玉溪市,530400,530000,1.0
6047,红塔区,530402,530400,0.0
6048,江川县,530421,530400,0.0
6049,澄江县,530422,530400,0.0
6050,通海县,530423,530400,0.0
6051,华宁县,530424,530400,0.0
6052,易门县,530425,530400,0.0
6053,峨山彝族自治县,530426,530400,0.0
6054,新平彝族傣族自治县,530427,530400,0.0
6055,元江哈尼族彝族傣族自治县,530428,530400,0.0
6056,保山市,530500,530000,0.0
6057,隆阳区,530502,530500,0.0
6058,施甸县,530521,530500,0.0
6059,腾冲县,530522,530500,0.0
6060,龙陵县,530523,530500,0.0
6061,昌宁县,530524,530500,0.0
6062,昭通市,530600,530000,0.0
6063,昭阳区,530602,530600,0.0
6064,鲁甸县,530621,530600,0.0
6065,巧家县,530622,530600,0.0
6066,盐津县,530623,530600,0.0
6067,大关县,530624,530600,0.0
6068,永善县,530625,530600,0.0
6069,绥江县,530626,530600,0.0
6070,镇雄县,530627,530600,0.0
6071,彝良县,530628,530600,0.0
6072,威信县,530629,530600,0.0
6073,水富县,530630,530600,0.0
6074,楚雄彝族自治州,532300,530000,0.0
6075,楚雄市,532301,532300,0.0
6076,双柏县,532322,532300,0.0
6077,牟定县,532323,532300,0.0
6078,南华县,532324,532300,0.0
6079,姚安县,532325,532300,0.0
6080,大姚县,532326,532300,0.0
6081,永仁县,532327,532300,0.0
6082,元谋县,532328,532300,0.0
6083,武定县,532329,532300,0.0
6084,禄丰县,532331,532300,0.0
6085,红河哈尼族彝族自治州,532500,530000,2.0
6086,个旧市,532501,532500,0.0
6087,开远市,532502,532500,0.0
6088,蒙自县,532522,532500,0.0
6089,屏边苗族自治县,532523,532500,0.0
6090,建水县,532524,532500,0.0
6091,石屏县,532525,532500,0.0
6092,弥勒县,532526,532500,0.0
6093,泸西县,532527,532500,0.0
6094,元阳县,532528,532500,0.0
6095,红河县,532529,532500,0.0
6096,金平苗族瑶族傣族自治县,532530,532500,0.0
6097,绿春县,532531,532500,0.0
6098,河口瑶族自治县,532532,532500,0.0
6099,文山壮族苗族自治州,532600,530000,0.0
6100,文山县,532621,532600,0.0
6101,砚山县,532622,532600,0.0
6102,西畴县,532623,532600,0.0
6103,麻栗坡县,532624,532600,0.0
6104,马关县,532625,532600,0.0
6105,丘北县,532626,532600,0.0
6106,广南县,532627,532600,0.0
6107,富宁县,532628,532600,0.0
6108,思茅地区,532700,530000,0.0
6109,思茅市,532701,532700,0.0
6110,普洱哈尼族彝族自治县,532722,532700,0.0
6111,墨江哈尼族自治县,532723,532700,0.0
6112,景东彝族自治县,532724,532700,0.0
6113,景谷傣族彝族自治县,532725,532700,0.0
6114,镇沅彝族哈尼族拉祜族自治县,532726,532700,0.0
6115,江城哈尼族彝族自治县,532727,532700,0.0
6116,孟连傣族拉祜族佤族自治县,532728,532700,0.0
6117,澜沧拉祜族自治县,532729,532700,0.0
6118,西盟佤族自治县,532730,532700,0.0
6119,西双版纳傣族自治州,532800,530000,1.0
6120,景洪市,532801,532800,0.0
6121,勐海县,532822,532800,0.0
6122,勐腊县,532823,532800,0.0
6123,大理白族自治州,532900,530000,0.0
6124,大理市,532901,532900,0.0
6125,漾濞彝族自治县,532922,532900,0.0
6126,祥云县,532923,532900,0.0
6127,宾川县,532924,532900,0.0
6128,弥渡县,532925,532900,0.0
6129,南涧彝族自治县,532926,532900,0.0
6130,巍山彝族回族自治县,532927,532900,0.0
6131,永平县,532928,532900,0.0
6132,云龙县,532929,532900,0.0
6133,洱源县,532930,532900,0.0
6134,剑川县,532931,532900,0.0
6135,鹤庆县,532932,532900,0.0
6136,德宏傣族景颇族自治州,533100,530000,1.0
6137,瑞丽市,533102,533100,0.0
6138,潞西市,533103,533100,0.0
6139,梁河县,533122,533100,0.0
6140,盈江县,533123,533100,0.0
6141,陇川县,533124,533100,0.0
6142,丽江地区,533200,530000,1.0
6143,丽江纳西族自治县,533221,533200,0.0
6144,永胜县,533222,533200,0.0
6145,华坪县,533223,533200,0.0
6146,宁蒗彝族自治县,533224,533200,0.0
6147,怒江傈僳族自治州,533300,530000,0.0
6148,泸水县,533321,533300,0.0
6149,福贡县,533323,533300,0.0
6150,贡山独龙族怒族自治县,533324,533300,0.0
6151,兰坪白族普米族自治县,533325,533300,0.0
6152,迪庆藏族自治州,533400,530000,0.0
6153,香格里拉县,533421,533400,0.0
6154,德钦县,533422,533400,0.0
6155,维西傈僳族自治县,533423,533400,0.0
6156,临沧地区,533500,530000,0.0
6157,临沧县,533521,533500,0.0
6158,凤庆县,533522,533500,0.0
6159,云县,533523,533500,0.0
6160,永德县,533524,533500,0.0
6161,镇康县,533525,533500,0.0
6162,双江拉祜族佤族布朗族傣族自治县,533526,533500,0.0
6163,耿马傣族佤族自治县,533527,533500,0.0
6164,沧源佤族自治县,533528,533500,0.0
6165,西藏,540000,000000,0.0
6166,拉萨市,540100,540000,0.0
6167,城关区,540102,540100,0.0
6168,林周县,540121,540100,0.0
6169,当雄县,540122,540100,0.0
6170,尼木县,540123,540100,0.0
6171,曲水县,540124,540100,0.0
6172,堆龙德庆县,540125,540100,0.0
6173,达孜县,540126,540100,0.0
6174,墨竹工卡县,540127,540100,0.0
6175,昌都地区,542100,540000,0.0
6176,昌都县,542121,542100,0.0
6177,江达县,542122,542100,0.0
6178,贡觉县,542123,542100,0.0
6179,类乌齐县,542124,542100,0.0
6180,丁青县,542125,542100,0.0
6181,察雅县,542126,542100,0.0
6182,八宿县,542127,542100,0.0
6183,左贡县,542128,542100,0.0
6184,芒康县,542129,542100,0.0
6185,洛隆县,542132,542100,0.0
6186,边坝县,542133,542100,0.0
6187,山南地区,542200,540000,0.0
6188,乃东县,542221,542200,0.0
6189,扎囊县,542222,542200,0.0
6190,贡嘎县,542223,542200,0.0
6191,桑日县,542224,542200,0.0
6192,琼结县,542225,542200,0.0
6193,曲松县,542226,542200,0.0
6194,措美县,542227,542200,0.0
6195,洛扎县,542228,542200,0.0
6196,加查县,542229,542200,0.0
6197,隆子县,542231,542200,0.0
6198,错那县,542232,542200,0.0
6199,浪卡子县,542233,542200,0.0
6200,日喀则地区,542300,540000,0.0
6201,日喀则市,542301,542300,0.0
6202,南木林县,542322,542300,0.0
6203,江孜县,542323,542300,0.0
6204,定日县,542324,542300,0.0
6205,萨迦县,542325,542300,0.0
6206,拉孜县,542326,542300,0.0
6207,昂仁县,542327,542300,0.0
6208,谢通门县,542328,542300,0.0
6209,白朗县,542329,542300,0.0
6210,仁布县,542330,542300,0.0
6211,康马县,542331,542300,0.0
6212,定结县,542332,542300,0.0
6213,仲巴县,542333,542300,0.0
6214,亚东县,542334,542300,0.0
6215,吉隆县,542335,542300,0.0
6216,聂拉木县,542336,542300,0.0
6217,萨嘎县,542337,542300,0.0
6218,岗巴县,542338,542300,0.0
6219,那曲地区,542400,540000,0.0
6220,那曲县,542421,542400,0.0
6221,嘉黎县,542422,542400,0.0
6222,比如县,542423,542400,0.0
6223,聂荣县,542424,542400,0.0
6224,安多县,542425,542400,0.0
6225,申扎县,542426,542400,0.0
6226,索县,542427,542400,0.0
6227,班戈县,542428,542400,0.0
6228,巴青县,542429,542400,0.0
6229,尼玛县,542430,542400,0.0
6230,阿里地区,542500,540000,0.0
6231,普兰县,542521,542500,0.0
6232,札达县,542522,542500,0.0
6233,噶尔县,542523,542500,0.0
6234,日土县,542524,542500,0.0
6235,革吉县,542525,542500,0.0
6236,改则县,542526,542500,0.0
6237,措勤县,542527,542500,0.0
6238,林芝地区,542600,540000,0.0
6239,林芝县,542621,542600,0.0
6240,工布江达县,542622,542600,0.0
6241,米林县,542623,542600,0.0
6242,墨脱县,542624,542600,0.0
6243,波密县,542625,542600,0.0
6244,察隅县,542626,542600,0.0
6245,朗县,542627,542600,0.0
6246,陕西省,610000,000000,40.0
6247,西安市,610100,610000,7.0
6248,新城区,610102,610100,0.0
6249,碑林区,610103,610100,0.0
6250,莲湖区,610104,610100,0.0
6251,灞桥区,610111,610100,0.0
6252,未央区,610112,610100,0.0
6253,雁塔区,610113,610100,0.0
6254,阎良区,610114,610100,1.0
6255,临潼区,610115,610100,0.0
6256,长安县,610121,610100,0.0
6257,蓝田县,610122,610100,0.0
6258,周至县,610124,610100,0.0
6259,户县,610125,610100,0.0
6260,高陵县,610126,610100,0.0
6261,铜川市,610200,610000,0.0
6262,王益区,610202,610200,0.0
6263,印台区,610203,610200,0.0
6264,耀县,610221,610200,0.0
6265,宜君县,610222,610200,0.0
6266,宝鸡市,610300,610000,0.0
6267,渭滨区,610302,610300,0.0
6268,金台区,610303,610300,0.0
6269,宝鸡县,610321,610300,0.0
6270,凤翔县,610322,610300,0.0
6271,岐山县,610323,610300,0.0
6272,扶风县,610324,610300,0.0
6273,眉县,610326,610300,0.0
6274,陇县,610327,610300,0.0
6275,千阳县,610328,610300,0.0
6276,麟游县,610329,610300,0.0
6277,凤县,610330,610300,0.0
6278,太白县,610331,610300,0.0
6279,咸阳市,610400,610000,0.0
6280,秦都区,610402,610400,0.0
6281,杨凌区,610403,610400,0.0
6282,渭城区,610404,610400,0.0
6283,三原县,610422,610400,0.0
6284,泾阳县,610423,610400,0.0
6285,乾县,610424,610400,0.0
6286,礼泉县,610425,610400,0.0
6287,永寿县,610426,610400,0.0
6288,彬县,610427,610400,0.0
6289,长武县,610428,610400,0.0
6290,旬邑县,610429,610400,0.0
6291,淳化县,610430,610400,0.0
6292,武功县,610431,610400,0.0
6293,兴平市,610481,610400,0.0
6294,渭南市,610500,610000,5.0
6295,临渭区,610502,610500,0.0
6296,华县,610521,610500,0.0
6297,潼关县,610522,610500,0.0
6298,大荔县,610523,610500,0.0
6299,合阳县,610524,610500,0.0
6300,澄城县,610525,610500,0.0
6301,蒲城县,610526,610500,1.0
6302,白水县,610527,610500,0.0
6303,富平县,610528,610500,0.0
6304,韩城市,610581,610500,0.0
6305,华阴市,610582,610500,0.0
6306,延安市,610600,610000,0.0
6307,宝塔区,610602,610600,0.0
6308,延长县,610621,610600,0.0
6309,延川县,610622,610600,0.0
6310,子长县,610623,610600,0.0
6311,安塞县,610624,610600,0.0
6312,志丹县,610625,610600,0.0
6313,吴旗县,610626,610600,0.0
6314,甘泉县,610627,610600,0.0
6315,富县,610628,610600,0.0
6316,洛川县,610629,610600,0.0
6317,宜川县,610630,610600,0.0
6318,黄龙县,610631,610600,0.0
6319,黄陵县,610632,610600,0.0
6320,汉中市,610700,610000,3.0
6321,汉台区,610702,610700,0.0
6322,南郑县,610721,610700,0.0
6323,城固县,610722,610700,0.0
6324,洋县,610723,610700,0.0
6325,西乡县,610724,610700,0.0
6326,勉县,610725,610700,0.0
6327,宁强县,610726,610700,0.0
6328,略阳县,610727,610700,0.0
6329,镇巴县,610728,610700,0.0
6330,留坝县,610729,610700,0.0
6331,佛坪县,610730,610700,0.0
6332,榆林市,610800,610000,20.0
6333,榆阳区,610802,610800,0.0
6334,神木县,610821,610800,0.0
6335,府谷县,610822,610800,0.0
6336,横山县,610823,610800,0.0
6337,靖边县,610824,610800,0.0
6338,定边县,610825,610800,3.0
6339,绥德县,610826,610800,0.0
6340,米脂县,610827,610800,2.0
6341,佳县,610828,610800,0.0
6342,吴堡县,610829,610800,0.0
6343,清涧县,610830,610800,0.0
6344,子洲县,610831,610800,0.0
6345,安康市,610900,610000,2.0
6346,汉滨区,610902,610900,0.0
6347,汉阴县,610921,610900,0.0
6348,石泉县,610922,610900,0.0
6349,宁陕县,610923,610900,0.0
6350,紫阳县,610924,610900,0.0
6351,岚皋县,610925,610900,0.0
6352,平利县,610926,610900,0.0
6353,镇坪县,610927,610900,0.0
6354,旬阳县,610928,610900,0.0
6355,白河县,610929,610900,0.0
6356,商洛市,611000,610000,1.0
6357,商州区,611002,611000,0.0
6358,洛南县,611021,611000,0.0
6359,丹凤县,611022,611000,0.0
6360,商南县,611023,611000,0.0
6361,山阳县,611024,611000,0.0
6362,镇安县,611025,611000,0.0
6363,柞水县,611026,611000,0.0
6364,甘肃省,620000,000000,46.0
6365,兰州市,620100,620000,12.0
6366,城关区,620102,620100,0.0
6367,七里河区,620103,620100,0.0
6368,西固区,620104,620100,0.0
6369,安宁区,620105,620100,0.0
6370,红古区,620111,620100,0.0
6371,永登县,620121,620100,0.0
6372,皋兰县,620122,620100,0.0
6373,榆中县,620123,620100,0.0
6374,嘉峪关市,620200,620000,0.0
6375,金昌市,620300,620000,1.0
6376,金川区,620302,620300,0.0
6377,永昌县,620321,620300,0.0
6378,白银市,620400,620000,13.0
6379,白银区,620402,620400,0.0
6380,平川区,620403,620400,0.0
6381,靖远县,620421,620400,0.0
6382,会宁县,620422,620400,0.0
6383,景泰县,620423,620400,0.0
6384,天水市,620500,620000,6.0
6385,秦城区,620502,620500,0.0
6386,北道区,620503,620500,0.0
6387,清水县,620521,620500,3.0
6388,秦安县,620522,620500,0.0
6389,甘谷县,620523,620500,0.0
6390,武山县,620524,620500,0.0
6391,张家川回族自治县,620525,620500,0.0
6392,武威市,620600,620000,2.0
6393,凉州区,620602,620600,0.0
6394,民勤县,620621,620600,0.0
6395,古浪县,620622,620600,0.0
6396,天祝藏族自治县,620623,620600,0.0
6397,酒泉地区,622100,620000,0.0
6398,玉门市,622101,622100,0.0
6399,酒泉市,622102,622100,0.0
6400,敦煌市,622103,622100,0.0
6401,金塔县,622123,622100,0.0
6402,肃北蒙古族自治县,622124,622100,0.0
6403,阿克塞哈萨克族自治县,622125,622100,0.0
6404,安西县,622126,622100,0.0
6405,张掖地区,622200,620000,3.0
6406,张掖市,622201,622200,0.0
6407,肃南裕固族自治县,622222,622200,0.0
6408,民乐县,622223,622200,0.0
6409,临泽县,622224,622200,0.0
6410,高台县,622225,622200,0.0
6411,山丹县,622226,622200,0.0
6412,定西地区,622400,620000,4.0
6413,定西县,622421,622400,0.0
6414,通渭县,622424,622400,0.0
6415,陇西县,622425,622400,0.0
6416,渭源县,622426,622400,1.0
6417,临洮县,622427,622400,0.0
6418,漳县,622428,622400,0.0
6419,岷县,622429,622400,0.0
6420,陇南地区,622600,620000,2.0
6421,武都县,622621,622600,0.0
6422,宕昌县,622623,622600,0.0
6423,成县,622624,622600,0.0
6424,康县,622625,622600,0.0
6425,文县,622626,622600,0.0
6426,西和县,622627,622600,0.0
6427,礼县,622628,622600,0.0
6428,两当县,622629,622600,0.0
6429,徽县,622630,622600,0.0
6430,平凉地区,622700,620000,1.0
6431,平凉市,622701,622700,0.0
6432,泾川县,622722,622700,0.0
6433,灵台县,622723,622700,0.0
6434,崇信县,622724,622700,0.0
6435,华亭县,622725,622700,0.0
6436,庄浪县,622726,622700,0.0
6437,静宁县,622727,622700,0.0
6438,庆阳地区,622800,620000,0.0
6439,西峰市,622801,622800,0.0
6440,庆阳县,622821,622800,0.0
6441,环县,622822,622800,0.0
6442,华池县,622823,622800,0.0
6443,合水县,622824,622800,0.0
6444,正宁县,622825,622800,0.0
6445,宁县,622826,622800,0.0
6446,镇原县,622827,622800,0.0
6447,临夏回族自治州,622900,620000,0.0
6448,临夏市,622901,622900,0.0
6449,临夏县,622921,622900,0.0
6450,康乐县,622922,622900,0.0
6451,永靖县,622923,622900,0.0
6452,广河县,622924,622900,0.0
6453,和政县,622925,622900,0.0
6454,东乡族自治县,622926,622900,0.0
6455,积石山保安族东乡族撒拉族自治县,622927,622900,0.0
6456,甘南藏族自治州,623000,620000,0.0
6457,合作市,623001,623000,0.0
6458,临潭县,623021,623000,0.0
6459,卓尼县,623022,623000,0.0
6460,舟曲县,623023,623000,0.0
6461,迭部县,623024,623000,0.0
6462,玛曲县,623025,623000,0.0
6463,碌曲县,623026,623000,0.0
6464,夏河县,623027,623000,0.0
6465,青海省,630000,000000,7.0
6466,西宁市,630100,630000,5.0
6467,城东区,630102,630100,0.0
6468,城中区,630103,630100,0.0
6469,城西区,630104,630100,0.0
6470,城北区,630105,630100,0.0
6471,大通回族土族自治县,630121,630100,0.0
6472,湟中县,630122,630100,0.0
6473,湟源县,630123,630100,0.0
6474,海东地区,632100,630000,2.0
6475,平安县,632121,632100,0.0
6476,民和回族土族自治县,632122,632100,0.0
6477,乐都县,632123,632100,0.0
6478,互助土族自治县,632126,632100,0.0
6479,化隆回族自治县,632127,632100,0.0
6480,循化撒拉族自治县,632128,632100,0.0
6481,海北藏族自治州,632200,630000,0.0
6482,门源回族自治县,632221,632200,0.0
6483,祁连县,632222,632200,0.0
6484,海晏县,632223,632200,0.0
6485,刚察县,632224,632200,0.0
6486,黄南藏族自治州,632300,630000,0.0
6487,同仁县,632321,632300,0.0
6488,尖扎县,632322,632300,0.0
6489,泽库县,632323,632300,0.0
6490,河南蒙古族自治县,632324,632300,0.0
6491,海南藏族自治州,632500,630000,0.0
6492,共和县,632521,632500,0.0
6493,同德县,632522,632500,0.0
6494,贵德县,632523,632500,0.0
6495,兴海县,632524,632500,0.0
6496,贵南县,632525,632500,0.0
6497,果洛藏族自治州,632600,630000,0.0
6498,玛沁县,632621,632600,0.0
6499,班玛县,632622,632600,0.0
6500,甘德县,632623,632600,0.0
6501,达日县,632624,632600,0.0
6502,久治县,632625,632600,0.0
6503,玛多县,632626,632600,0.0
6504,玉树藏族自治州,632700,630000,0.0
6505,玉树县,632721,632700,0.0
6506,杂多县,632722,632700,0.0
6507,称多县,632723,632700,0.0
6508,治多县,632724,632700,0.0
6509,囊谦县,632725,632700,0.0
6510,曲麻莱县,632726,632700,0.0
6511,海西蒙古族藏族自治州,632800,630000,0.0
6512,格尔木市,632801,632800,0.0
6513,德令哈市,632802,632800,0.0
6514,乌兰县,632821,632800,0.0
6515,都兰县,632822,632800,0.0
6516,天峻县,632823,632800,0.0
6517,宁夏,640000,000000,5.0
6518,银川市,640100,640000,2.0
6519,城区,640102,640100,0.0
6520,新城区,640103,640100,0.0
6521,郊区,640111,640100,0.0
6522,永宁县,640121,640100,0.0
6523,贺兰县,640122,640100,0.0
6524,石嘴山市,640200,640000,0.0
6525,大武口区,640202,640200,0.0
6526,石嘴山区,640203,640200,0.0
6527,石炭井区,640204,640200,0.0
6528,平罗县,640221,640200,0.0
6529,陶乐县,640222,640200,0.0
6530,惠农县,640223,640200,0.0
6531,吴忠市,640300,640000,2.0
6532,利通区,640302,640300,0.0
6533,中卫县,640321,640300,0.0
6534,中宁县,640322,640300,0.0
6535,盐池县,640323,640300,0.0
6536,同心县,640324,640300,0.0
6537,青铜峡市,640381,640300,0.0
6538,灵武市,640382,640300,0.0
6539,固原市,640400,640000,0.0
6540,原州区,640402,640400,0.0
6541,海原县,640421,640400,0.0
6542,西吉县,640422,640400,0.0
6543,隆德县,640423,640400,0.0
6544,泾源县,640424,640400,0.0
6545,彭阳县,640425,640400,0.0
6546,新疆,650000,000000,-1.0
6547,乌鲁木齐市,650100,650000,0.0
6548,天山区,650102,650100,0.0
6549,沙依巴克区,650103,650100,0.0
6550,新市区,650104,650100,0.0
6551,水磨沟区,650105,650100,0.0
6552,头屯河区,650106,650100,0.0
6553,南泉区,650107,650100,0.0
6554,东山区,650108,650100,0.0
6555,乌鲁木齐县,650121,650100,0.0
6556,克拉玛依市,650200,650000,0.0
6557,独山子区,650202,650200,0.0
6558,克拉玛依区,650203,650200,0.0
6559,白碱滩区,650204,650200,0.0
6560,乌尔禾区,650205,650200,0.0
6561,吐鲁番地区,652100,650000,0.0
6562,吐鲁番市,652101,652100,0.0
6563,鄯善县,652122,652100,0.0
6564,托克逊县,652123,652100,0.0
6565,哈密地区,652200,650000,0.0
6566,哈密市,652201,652200,0.0
6567,巴里坤哈萨克自治县,652222,652200,0.0
6568,伊吾县,652223,652200,0.0
6569,昌吉回族自治州,652300,650000,0.0
6570,昌吉市,652301,652300,0.0
6571,阜康市,652302,652300,0.0
6572,米泉市,652303,652300,0.0
6573,呼图壁县,652323,652300,0.0
6574,玛纳斯县,652324,652300,0.0
6575,奇台县,652325,652300,0.0
6576,吉木萨尔县,652327,652300,0.0
6577,木垒哈萨克自治县,652328,652300,0.0
6578,博尔塔拉蒙古自治州,652700,650000,0.0
6579,博乐市,652701,652700,0.0
6580,精河县,652722,652700,0.0
6581,温泉县,652723,652700,0.0
6582,巴音郭楞蒙古自治州,652800,650000,0.0
6583,库尔勒市,652801,652800,0.0
6584,轮台县,652822,652800,0.0
6585,尉犁县,652823,652800,0.0
6586,若羌县,652824,652800,0.0
6587,且末县,652825,652800,0.0
6588,焉耆回族自治县,652826,652800,0.0
6589,和静县,652827,652800,0.0
6590,和硕县,652828,652800,0.0
6591,博湖县,652829,652800,0.0
6592,阿克苏地区,652900,650000,0.0
6593,阿克苏市,652901,652900,0.0
6594,温宿县,652922,652900,0.0
6595,库车县,652923,652900,0.0
6596,沙雅县,652924,652900,0.0
6597,新和县,652925,652900,0.0
6598,拜城县,652926,652900,0.0
6599,乌什县,652927,652900,0.0
6600,阿瓦提县,652928,652900,0.0
6601,柯坪县,652929,652900,0.0
6602,克孜勒苏柯尔克孜自治州,653000,650000,0.0
6603,阿图什市,653001,653000,0.0
6604,阿克陶县,653022,653000,0.0
6605,阿合奇县,653023,653000,0.0
6606,乌恰县,653024,653000,0.0
6607,喀什地区,653100,650000,0.0
6608,喀什市,653101,653100,0.0
6609,疏附县,653121,653100,0.0
6610,疏勒县,653122,653100,0.0
6611,英吉沙县,653123,653100,0.0
6612,泽普县,653124,653100,0.0
6613,莎车县,653125,653100,0.0
6614,叶城县,653126,653100,0.0
6615,麦盖提县,653127,653100,0.0
6616,岳普湖县,653128,653100,0.0
6617,伽师县,653129,653100,0.0
6618,巴楚县,653130,653100,0.0
6619,塔什库尔干塔吉克自治县,653131,653100,0.0
6620,和田地区,653200,650000,0.0
6621,和田市,653201,653200,0.0
6622,和田县,653221,653200,0.0
6623,墨玉县,653222,653200,0.0
6624,皮山县,653223,653200,0.0
6625,洛浦县,653224,653200,0.0
6626,策勒县,653225,653200,0.0
6627,于田县,653226,653200,0.0
6628,民丰县,653227,653200,0.0
6629,伊犁哈萨克自治州,654000,650000,1.0
6630,伊宁市,654002,654000,0.0
6631,奎屯市,654003,654000,0.0
6632,伊宁县,654021,654000,0.0
6633,察布查尔锡伯自治县,654022,654000,0.0
6634,霍城县,654023,654000,0.0
6635,巩留县,654024,654000,0.0
6636,新源县,654025,654000,0.0
6637,昭苏县,654026,654000,0.0
6638,特克斯县,654027,654000,0.0
6639,尼勒克县,654028,654000,0.0
6640,塔城地区,654200,650000,0.0
6641,塔城市,654201,654200,0.0
6642,乌苏市,654202,654200,0.0
6643,额敏县,654221,654200,0.0
6644,沙湾县,654223,654200,0.0
6645,托里县,654224,654200,0.0
6646,裕民县,654225,654200,0.0
6647,和布克赛尔蒙古自治县,654226,654200,0.0
6648,阿勒泰地区,654300,650000,0.0
6649,阿勒泰市,654301,654300,0.0
6650,布尔津县,654321,654300,0.0
6651,富蕴县,654322,654300,0.0
6652,福海县,654323,654300,0.0
6653,哈巴河县,654324,654300,0.0
6654,青河县,654325,654300,0.0
6655,吉木乃县,654326,654300,0.0
6656,县级市,659000,650000,0.0
6657,石河子市,659001,659000,0.0
6658,香港,710000,000000,0.0
6659,澳门,720000,000000,0.0
6660,台湾,730000,000000,0.0
6661,海外,810000,000000,0.0
6662,一团,910101,910100,0.0
6663,二团,910102,910100,0.0
6664,三团,910103,910100,0.0
6665,四团,910104,910100,0.0
6666,五团,910105,910100,0.0
6667,六团,910106,910100,0.0
6668,七团,910107,910100,0.0
6669,八团,910108,910100,0.0
6670,九团,910109,910100,0.0
6671,十团,910110,910100,0.0
6672,十一团,910111,910100,0.0
6673,十二团,910112,910100,0.0
6674,十三团,910113,910100,0.0
6675,十四团,910114,910100,0.0
6676,十五团,910115,910100,0.0
6677,十六团,910116,910100,0.0
6678,二十一团,910201,910200,0.0
6679,二十二团,910202,910200,0.0
6680,二十三团,910203,910200,0.0
6681,二十四团,910204,910200,0.0
6682,二十五团,910205,910200,0.0
6683,二十六团,910206,910200,0.0
6684,二十七团,910207,910200,0.0
6685,二十八团,910208,910200,0.0
6686,二十九团,910209,910200,0.0
6687,三十团,910210,910200,0.0
6688,三十一团,910211,910200,0.0
6689,三十二团,910212,910200,0.0
6690,三十三团,910213,910200,0.0
6691,三十四团,910214,910200,0.0
6692,三十五团,910215,910200,0.0
6693,三十六团,910216,910200,0.0
6694,二二三团,910217,910200,0.0
6695,四十一团,910301,910300,0.0
6696,四十二团,910302,910300,0.0
6697,四十三团,910303,910300,0.0
6698,四十四团,910304,910300,0.0
6699,四十五团,910305,910300,0.0
6700,四十六团,910306,910300,0.0
6701,四十七团,910307,910300,0.0
6702,四十八团,910308,910300,0.0
6703,四十九团,910309,910300,0.0
6704,五十团,910310,910300,0.0
6705,五十一团,910311,910300,0.0
6706,五十二团,910312,910300,0.0
6707,五十三团,910313,910300,0.0
6708,伽师总场,910320,910300,0.0
6709,东风农场,910321,910300,0.0
6710,红旗农场,910322,910300,0.0
6711,莎车农场,910323,910300,0.0
6712,叶城牧场,910324,910300,0.0
6713,托云牧场,910325,910300,0.0
6714,六十一团,910401,910400,0.0
6715,六十二团,910402,910400,0.0
6716,六十三团,910403,910400,0.0
6717,六十三团,910404,910400,0.0
6718,六十五团,910405,910400,0.0
6719,六十六团,910406,910400,0.0
6720,六十七团,910407,910400,0.0
6721,六十八团,910408,910400,0.0
6722,六十九团,910409,910400,0.0
6723,七十团,910410,910400,0.0
6724,七十一团,910411,910400,0.0
6725,七十二团,910412,910400,0.0
6726,七十三团,910413,910400,0.0
6727,七十四团,910414,910400,0.0
6728,七十五团,910415,910400,0.0
6729,七十六团,910416,910400,0.0
6730,七十七团,910417,910400,0.0
6731,七十八团,910418,910400,0.0
6732,七十九团,910419,910400,0.0
6733,拜什墩农场,910430,910400,0.0
6734,良繁场,910431,910400,0.0
6735,八十一团,910501,910500,0.0
6736,八十二团,910502,910500,0.0
6737,八十三团,910503,910500,0.0
6738,八十四团,910504,910500,0.0
6739,八十五团,910505,910500,0.0
6740,八十六团,910506,910500,0.0
6741,八十七团,910507,910500,0.0
6742,八十八团,910508,910500,0.0
6743,八十九团,910509,910500,0.0
6744,九十团,910510,910500,0.0
6745,九十一团,910511,910500,0.0
6746,一０一团,910601,910600,0.0
6747,一０二团,910602,910600,0.0
6748,一０三团,910603,910600,0.0
6749,一０五团,910605,910600,0.0
6750,一０六团,910606,910600,0.0
6751,一０七团,910607,910600,0.0
6752,一０八团,910608,910600,0.0
6753,一０九团,910609,910600,0.0
6754,一一０团,910610,910600,0.0
6755,一一一团,910611,910600,0.0
6756,芳草湖农场,910620,910600,0.0
6757,新湖农场,910621,910600,0.0
6758,军户农场,910622,910600,0.0
6759,共青团农场,910623,910600,0.0
6760,六运湖农场,910624,910600,0.0
6761,土墩子农场,910625,910600,0.0
6762,红旗农场,910626,910600,0.0
6763,奇台农场,910627,910600,0.0
6764,北塔山牧场,910628,910600,0.0
6765,一二三团,910703,910700,0.0
6766,一二四团,910704,910700,0.0
6767,一二五团,910705,910700,0.0
6768,一二六团,910706,910700,0.0
6769,一二七团,910707,910700,0.0
6770,一二八团,910708,910700,0.0
6771,一二九团,910709,910700,0.0
6772,一三０团,910710,910700,0.0
6773,一三一团,910711,910700,0.0
6774,一三七团,910712,910700,0.0
6775,一二一团,910801,910800,0.0
6776,一二二团,910802,910800,0.0
6777,一三二团,910803,910800,0.0
6778,一三三团,910804,910800,0.0
6779,一三四团,910805,910800,0.0
6780,一三五团,910806,910800,0.0
6781,一三六团,910807,910800,0.0
6782,一四一团,910808,910800,0.0
6783,一四二团,910809,910800,0.0
6784,一四三团,910810,910800,0.0
6785,一四四团,910811,910800,0.0
6786,一四七团,910812,910800,0.0
6787,一四八团,910813,910800,0.0
6788,一四九团,910814,910800,0.0
6789,一五０团,910815,910800,0.0
6790,一五一团,910816,910800,0.0
6791,一五二团,910817,910800,0.0
6792,石河子总场,910820,910800,0.0
6793,一六一团,910901,910900,0.0
6794,一六二团,910902,910900,0.0
6795,一六三团,910903,910900,0.0
6796,一六四团,910904,910900,0.0
6797,一六五团,910905,910900,0.0
6798,一六六团,910906,910900,0.0
6799,一六七团,910907,910900,0.0
6800,一六八团,910908,910900,0.0
6801,一六九团,910909,910900,0.0
6802,一七０团,910910,910900,0.0
6803,团结农场,910920,910900,0.0
6804,一八一团,911001,911000,0.0
6805,一八二团,911002,911000,0.0
6806,一八三团,911003,911000,0.0
6807,一八四团,911004,911000,0.0
6808,一八五团,911005,911000,0.0
6809,一八六团,911006,911000,0.0
6810,一八七团,911007,911000,0.0
6811,一八八团,911008,911000,0.0
6812,一八九团,911009,911000,0.0
6813,一九０团,911010,911000,0.0
6814,青河农场,911020,911000,0.0
6815,一０四团,911201,911200,0.0
6816,三坪农场,911210,911200,0.0
6817,五一农场,911211,911200,0.0
6818,头屯河农场,911212,911200,0.0
6819,西山农场,911213,911200,0.0
6820,养禽场,911214,911200,0.0
6821,红星一场,911301,911300,0.0
6822,红星二场,911302,911300,0.0
6823,红星三场,911303,911300,0.0
6824,红星四场,911304,911300,0.0
6825,黄田农场,911305,911300,0.0
6826,火箭农场,911306,911300,0.0
6827,柳树泉农场,911307,911300,0.0
6828,红山农场,911308,911300,0.0
6829,淖毛湖农场,911309,911300,0.0
6830,红星一牧场,911310,911300,0.0
6831,红星二牧场,911311,911300,0.0
6832,二二一团,911320,911300,0.0
6833,四十七团,911401,911400,0.0
6834,皮山农场,911402,911400,0.0
6835,一牧场,911403,911400,0.0
6836,二二二团,911501,911500,0.0
